function_name,category,fixture_id,jpl_status,moshier_status,vsop_elp_meeus_status,jpl_elapsed_ns,moshier_elapsed_ns,vsop_elp_meeus_elapsed_ns,jpl_output_sha256,moshier_output_sha256,vsop_elp_meeus_output_sha256,jpl_vs_moshier_relation,jpl_vs_vsop_relation,moshier_vs_vsop_relation,max_abs_diff_if_numeric,max_rel_diff_if_numeric,notes
jme_body_id_from_name,engine_invariant,modern_bhuj_standard,OK,OK,OK,46738,45292,40045,9dd3ad8692992bc3c8d60d13f425418200eab8ea4cf73929fe2206ff7150b786,ab4318ea0b04b190a8e706f049623c43c2dc25041d931d2b16dd900e7bc791dc,458f4c076ba8b7853bb70135688d8a4ab0aa783ad05b4c1159ba3bef45570e24,DIFFERENT_STRUCTURE,DIFFERENT_STRUCTURE,DIFFERENT_STRUCTURE,,,
jme_body_naif_id,engine_invariant,modern_bhuj_standard,OK,OK,OK,49434,49043,49476,a8cb4e8ad0915e1e530381c9807e4f2b536953fd23ceb0fd87953ed4d80603bb,5f7c1caa2efdf831b9ef473b64d4496ae60a9faf8d5deb71bf2390175ef8c558,5bd2bf686e106ccc3980926130a21167833b4623e6e1f30d649cd97a7bce01e5,DIFFERENT_STRUCTURE,DIFFERENT_STRUCTURE,DIFFERENT_STRUCTURE,,,
jme_body_name,engine_invariant,modern_bhuj_standard,OK,OK,OK,150614,215552,149641,9c149b3987d566bcc55421b00a02836baf28fcf30943f767f06ce354d196724e,07887b0d7a70973da99aae68d41a55ba70a3f024943ff1b147dad67f79c762d2,aba60e4cc69650f4a5399fa619738c1109911914d4858c27acfe19ec10f7a60c,DIFFERENT_STRUCTURE,DIFFERENT_STRUCTURE,DIFFERENT_STRUCTURE,,,
jme_calc,engine_sensitive,modern_bhuj_standard,ERROR_JPL_UNAVAILABLE,OK,OK,3082927,555259,5491140,3f22eb2b54503c4a93bad9d4121158b77173d2e2766b3911065aac4b302d6ffd,20822be559404e8a5fe15edfef06f3dfa0bd641d23188a0cf45db772e35dd9fb,89664ed2cab94f8ecb162fbb0bd8ce44055953c53b28077205140528d4dbd89f,ERROR_ONE_SIDE,ERROR_ONE_SIDE,DIFFERENT_STRUCTURE,,,
jme_calc_pctr,engine_sensitive,modern_bhuj_standard,ERROR_JPL_UNAVAILABLE,OK,OK,277656,480336,1454444,08c9557a51a492fda65e95723fc0d0b22f4a03aef19fbb1486e9ac09e7d98511,15e2d72265edb683dce285877f4ad413a77f74acf87a7143ccba07098a50a0ac,735b7b4b0be5a1b0c45af62801abb4694136ced357bc128e43e0ca7706d24d3d,ERROR_ONE_SIDE,ERROR_ONE_SIDE,DIFFERENT_STRUCTURE,,,
jme_calc_ut,engine_sensitive,modern_bhuj_standard,ERROR_JPL_UNAVAILABLE,OK,OK,315729,439542,6301591,98cb7c4af482f592d103bf87b6a27b261e5580cca438e51d6f6e423328747f8f,4b654636cc72fbb8c036dc7151f3b0ab510695188e468a5b79e93e97d4fc2bdd,45a7758fe61b512331a386af28948f8d18cdeb5af921370ce774783998eb42e3,ERROR_ONE_SIDE,ERROR_ONE_SIDE,DIFFERENT_STRUCTURE,,,
jme_calendar_is_leap_year,engine_invariant,modern_bhuj_standard,OK,OK,OK,78149,43947,264411,5e35aae0850b7772fbf0e83baf1798f111fac896d640a8f20506144336807db5,47d476ea5290339fb50adcf1a300a8c185882ec2567c83e62b756aab353b3843,455636170f558b4cc4955aa9a68fb1b5a6c6510aa61c185ebc710b28dd4b0a4f,DIFFERENT_STRUCTURE,DIFFERENT_STRUCTURE,DIFFERENT_STRUCTURE,,,
jme_centiseconds_difference,engine_invariant,modern_bhuj_standard,OK,OK,OK,41662,38380,38780,99b6c0fae6cb81389298edf4486a6f6703ecd4ee2ad5d611a95261fd8a1b009e,806d96ddac40d1313827cdc2e41bd61cad82d3de0e6d69b69da674bd3dfe0dc6,7c4d0ff0ee9924bce3dc1381f22f0350f735d9420f0cc1a66cfcd0db88ac537d,DIFFERENT_STRUCTURE,DIFFERENT_STRUCTURE,DIFFERENT_STRUCTURE,,,
jme_centiseconds_difference_signed,engine_invariant,modern_bhuj_standard,OK,OK,OK,43088,29809,44991,cce5a3108a048025c26c69cd22aa7ec94868186edfa5dc6db6789e70a7329656,c9e3c31bc8f0dd8e720da6202f8312054de5f01d5d5c792b85717c45b25a43ac,abd17db721689a4e95f5acaa1d9f5b0cc9600c3d53c230f2cc9fa90e56ad3bc4,DIFFERENT_STRUCTURE,DIFFERENT_STRUCTURE,DIFFERENT_STRUCTURE,,,
jme_centiseconds_normalize,engine_invariant,modern_bhuj_standard,OK,OK,OK,37011,31634,43188,ee0ed409986fdd0de60bff83fc146192618a81cf95d3e01a27c17cb3646f80c1,d6b34ee9264bc3623987634d5ad2b1634c515a3dcf3b45aa3e0c36ceafc61f0a,840caa627e299d972f1458312a782a554dc0cd5a40ca726a1d7abc6d5f038a15,DIFFERENT_STRUCTURE,DIFFERENT_STRUCTURE,DIFFERENT_STRUCTURE,,,
jme_centiseconds_round_second,engine_invariant,modern_bhuj_standard,OK,OK,OK,34368,43240,75496,d8f260bc1852dc03644830a7ff697960c7eecf24507153ea3242a644be2bcaab,4f488d8c89d5910f7a46cdd82a5e1113e6a960966de3b31f3e57eeb25002eb4b,3b3821e9784f136c80ee562723c51ce98cebae7e9bab1d45089df26a34b56e04,DIFFERENT_STRUCTURE,DIFFERENT_STRUCTURE,DIFFERENT_STRUCTURE,,,
jme_centiseconds_to_degree_string,engine_invariant,modern_bhuj_standard,OK,OK,OK,160818,149385,138417,bfcb28e142f8450b160547dc8a66c4e62eda29fc51e30a2724d78c63745c9d59,54834e9b3198da8c09ef3254ebe3dd83cf55e4a04c6d3862a3f77d16ba61b9fe,ff09b679d6f2271a23339cb408d61ba173f923adb0a9691c6c7e8721362a207c,DIFFERENT_STRUCTURE,DIFFERENT_STRUCTURE,DIFFERENT_STRUCTURE,,,
jme_centiseconds_to_lonlat_string,engine_invariant,modern_bhuj_standard,OK,OK,OK,152605,162929,143363,072a7970b832006238cf36ea2873168d61926ce02a51ed88ebe55cc7331830a5,abf88638e92d1e05b6042b62707636db796377e12fe43f149acea1bba3db2988,112f74d4431ec2ac879a2f91e4212b953cc90430c49397c554d00d75ef0b978f,DIFFERENT_STRUCTURE,DIFFERENT_STRUCTURE,DIFFERENT_STRUCTURE,,,
jme_centiseconds_to_time_string,engine_invariant,modern_bhuj_standard,OK,OK,OK,139218,134936,129502,48532678f6df44e82abd436cf405ed254841235cfc6a28b49ab346ea1cd7f27b,7fbcbbcd91ec245ac83b67c728f2d0eff33f9609fc0b5bda5109725da1f8dbef,4104402d7b304158d26eaf2edb57935c6ec3e074b001116f65a4fd19bfca6c1b,DIFFERENT_STRUCTURE,DIFFERENT_STRUCTURE,DIFFERENT_STRUCTURE,,,
jme_close,engine_invariant,modern_bhuj_standard,OK,OK,OK,154605,167893,145856,0a146fb3b8f3f9f15dd13fbcee428c10612ee5cee3e328af2ee8d47f5dd9a023,c351f8324d2e6dfb42d9240b11d092196de42d2e85a223726cc9f66087e6e7d2,95ae9840d56529be29de3a7ec0409a972ce1fabbd4bcb7f0e01bf6b6eccc9d1e,DIFFERENT_STRUCTURE,DIFFERENT_STRUCTURE,DIFFERENT_STRUCTURE,,,
jme_copy_body_name,engine_invariant,modern_bhuj_standard,OK,OK,OK,252674,295420,227153,4de852c2b9974717a3d645ba3006160d076f55f27d1bb5ff8b174b4a5a4dd254,09692cfa606a3f941cecdbaec2bf926f835d1c9728bc27510e2f3cee1a0a2a0d,4187c2aacc798ee86160f12fe9ffee3d2a709fc74d876b6da00e1b95c734f753,DIFFERENT_STRUCTURE,DIFFERENT_STRUCTURE,DIFFERENT_STRUCTURE,,,
jme_date_is_valid,engine_invariant,modern_bhuj_standard,OK,OK,OK,30380,32108,29662,2a489c969cee44a4e6d1243afd9650bd6c209d9e2849259dec459fc8405c07f3,92d2e7c4084979ca0bd8b3b9a0665ed4a3034971f910c3a640b099cd262d8530,641412fe0cedb42dda15d9fdeefa40a1cd212256164e5c94f731fc6019bdbb32,DIFFERENT_STRUCTURE,DIFFERENT_STRUCTURE,DIFFERENT_STRUCTURE,,,
jme_day_of_week,engine_invariant,modern_bhuj_standard,OK,OK,OK,39506,28590,32395,f10cd2f4f80cbab41bb096c7fdc829ffac798ad4c7e28ffab1caac9675b74a41,b9f0bbbf3498ade40e8aff2cdb8eb47ce1a08ac4e181d2ee8a6c335e2c99730c,c7cc0d44e2c7939d55f1f8d4f24b8909c6d359ef045e7c580331cbc0660f3a60,DIFFERENT_STRUCTURE,DIFFERENT_STRUCTURE,DIFFERENT_STRUCTURE,,,
jme_day_of_year,engine_invariant,modern_bhuj_standard,OK,OK,OK,55456,41744,48484,f263fb3545ddb9fcc88f4c6d02464d845588ff0381f77d8276a545fb584f9871,4a472aa3c15530cd1e9c02de061e5512fdc560882515059e631f538f809116d1,7664c09ed554447f94ab1bcf1ed39d2e40b1bed29dd380b5a79fe96fe339f75e,DIFFERENT_STRUCTURE,DIFFERENT_STRUCTURE,DIFFERENT_STRUCTURE,,,
jme_days_in_month,engine_invariant,modern_bhuj_standard,OK,OK,OK,38281,47298,36339,29e52e1667330e8957c1115dddba93678f67fdd29834527d59dd46169528c01b,ac3836511461aa750424d9387f61bff25fa220936ca797865985c727edd49b84,983a93af26a3d466a6d1c0b57268355b9c9004f4b227bd02d407f99c14b2723c,DIFFERENT_STRUCTURE,DIFFERENT_STRUCTURE,DIFFERENT_STRUCTURE,,,
jme_decimal_hour,engine_invariant,modern_bhuj_standard,OK,OK,OK,101728,186507,101161,f41aa3e0d0477fe39983d2808c786075e740ad6cefef940afd34d68198f7064f,b0a97e4d23452c69d3c980ff12dd4cd6d579ec7fa5de6aeb7b3f3d5495297a27,1fdc2128bef2e892e7ed7b5f2860a99bd189eec8d4aff96fe49c912bb710d32a,DIFFERENT_STRUCTURE,DIFFERENT_STRUCTURE,DIFFERENT_STRUCTURE,,,
jme_degree_midpoint,engine_invariant,modern_bhuj_standard,OK,OK,OK,157932,198570,183248,a4df0449cc736df323c3773218583c95788b36016669526bf3d9aa9786c8a579,96e65ec5fd0d32ec49f8071d6fee79c86293732d76c5f0bc59a6c98361ebc918,595ef21dc49465e920207191ae05c039f8f84bbda4235166b3a58a462720b514,DIFFERENT_STRUCTURE,DIFFERENT_STRUCTURE,DIFFERENT_STRUCTURE,,,
jme_degree_normalize,engine_invariant,modern_bhuj_standard,OK,OK,OK,132416,106550,84756,ff52466b9d1d62dc22a540e949f93f7cdd313a9aa91e285af196a8129e16aebf,e9d45cc68e0f369396abbbafabf05af4e3f14ff0835940fb89c4eb47923e107c,77225b4b6a7d7a39d755eb764c73befaa10e2f121030e5b73a2fe6302aa106a2,DIFFERENT_STRUCTURE,DIFFERENT_STRUCTURE,DIFFERENT_STRUCTURE,,,
jme_degrees_difference,engine_invariant,modern_bhuj_standard,OK,OK,OK,153598,81484,187979,e913099a143b198e9e06dc1508ce260698f10a4ac904d4a4b96bfe259c7cd944,63e6955aa2ec6aa034f3374e7b2559a540376445934236892b92d485d7a03f78,5f7893199383ac34bd123e89730afbb3f2080062e25f052e2e366aa701e8109f,DIFFERENT_STRUCTURE,DIFFERENT_STRUCTURE,DIFFERENT_STRUCTURE,,,
jme_degrees_difference_signed,engine_invariant,modern_bhuj_standard,OK,OK,OK,189574,88181,83169,091d002acd5d93e0c4a702a50923fa36a3e3a17da9adb91c612790cc8ba4cd06,8082342e3bddc8d706399892c906f563887f7ee8f3f61b8bdc0e887633e749b0,ad594fabae7d142f5f3518c3c681dd8f43fe678e306d1fd3fedd9d541e051b5d,DIFFERENT_STRUCTURE,DIFFERENT_STRUCTURE,DIFFERENT_STRUCTURE,,,
jme_degrees_to_hours,engine_invariant,modern_bhuj_standard,OK,OK,OK,98525,164091,150688,3c72389699e2c175106ee37deca1ad1f950598f9d961c3b5c4341622d4f5f0e7,98299225f379b1095d5a9db7d2753d39cba94d05cbd5a68b3ed9b3a481f51ba3,19150fb150370a069575ea311a584a93205e85519dbf4916a585748b33d161b7,DIFFERENT_STRUCTURE,DIFFERENT_STRUCTURE,DIFFERENT_STRUCTURE,,,
jme_degrees_to_radians,engine_invariant,modern_bhuj_standard,OK,OK,OK,214641,84824,186895,ed3839335c0e21d36bd1695e4902f7cbd4bd5c3fff277715946cc9380f28238a,1f0304f12be3970a4c2aa1860fb30ecc684b0f535dfb35a0f12a2ab225f2da7f,169c5dc8c4fb5f1e4817a253a103708d5ad4341ebb0f2bd3ae73f97f01bda1e6,DIFFERENT_STRUCTURE,DIFFERENT_STRUCTURE,DIFFERENT_STRUCTURE,,,
jme_delta_t,engine_invariant,modern_bhuj_standard,OK,OK,OK,152958,128806,80648,62c596b0090abf130578e553d8a833a00669df9385faad10d9fa8ecdb54c34df,bdc7a3c3230833b87fbd20489b7c494458c4a0525cfed0c3c86c87f554b11aeb,a70680fa56f1efc793164a975bded968b594165a558ac504cb968043a8127b8c,DIFFERENT_STRUCTURE,DIFFERENT_STRUCTURE,DIFFERENT_STRUCTURE,,,
jme_delta_t_ex,engine_invariant,modern_bhuj_standard,OK,OK,OK,81792,111007,83007,24f619aabe590f7e505d1c0eb1184caab84e99ef879b2d10d8aec9119e59b4b4,ca6e05ee7c524575a61a5183dc5e50e9f0e02e99dc393bab59b577fc2870c029,248d3b6b1f4e72d373f7fe52838f49b07d6f018de147cdf54ddd5f73ecfb683d,DIFFERENT_STRUCTURE,DIFFERENT_STRUCTURE,DIFFERENT_STRUCTURE,,,
jme_double_to_long,engine_invariant,modern_bhuj_standard,OK,OK,OK,84873,79410,83768,410939f4ed7dc692dce15f46ab17493b3b41d6d36fb9e2539e62d9db207c1a3d,d8478c069bbe176c1f8cdd6f1460422d83e162ffa7b6d3b130a05e2f26bbbc5e,34e42e5fef8a4ab8d59f11ae6dce3dc6b8c11d8ea24f17bb09830899c59cb1c8,DIFFERENT_STRUCTURE,DIFFERENT_STRUCTURE,DIFFERENT_STRUCTURE,,,
jme_ecliptic_to_equatorial,engine_invariant,modern_bhuj_standard,OK,OK,OK,89083,90696,127738,cc7d9cfb14011681af16fcdd100b84f3bea21a20e202c8626ced7acc6b72f9bd,962055c7bc54a3ab619173850857b87d7298c236945b8e275918e6a04d1ce0fa,2c63d913770c2c744b16816309ce972d81f8f58d55e86d17b3d62781e3c0e07b,DIFFERENT_STRUCTURE,DIFFERENT_STRUCTURE,DIFFERENT_STRUCTURE,,,
jme_ecliptic_to_equatorial_rectangular_state,engine_invariant,modern_bhuj_standard,OK,OK,OK,73455,109191,72160,2d4dd8698e34d695d9602bd27f0999f17b7859cc6310810c756a211ad43471d8,dadd654393614fb3c4998538a3f5f1ec9d859b5891de745df0f71bcba919ad3a,24f951a34a49f74cc31dce47cd8ca3be423430f90bb2b9d0633e36a8bab79626,DIFFERENT_STRUCTURE,DIFFERENT_STRUCTURE,DIFFERENT_STRUCTURE,,,
jme_elp2000_moon_state,engine_sensitive,modern_bhuj_standard,OK,OK,OK,7187334,8457332,8001191,48ceae6fd0613f3b98dafb9d06b2d9dd7043f94a8f4ed1d8291e570b4d2cc042,2c1086d0f1ad81858273b68b8162e9638dad459bebd17d638e4b783ad7b36395,d605e71859c5930efa3c8285cb33404b39c0b83160a2f778e9bca4f33dd5d114,DIFFERENT_STRUCTURE,DIFFERENT_STRUCTURE,DIFFERENT_STRUCTURE,,,
jme_ephemeris_path,engine_invariant,modern_bhuj_standard,OK,OK,OK,144230,141866,137220,61b93d673923c4066231d9fdd1206eba7d030168633d88435da99573b2fe59bd,432126a284a8e092aeb346a19e0838535b7cae53400896b783b78b5efafb271e,44af8d05eaa58f7eb534e72e45b9f73489f03e09e0833c0551ad23a6bce4e5e7,DIFFERENT_STRUCTURE,DIFFERENT_STRUCTURE,DIFFERENT_STRUCTURE,,,
jme_equatorial_to_ecliptic,engine_invariant,modern_bhuj_standard,OK,OK,OK,104068,98288,84696,74c2ca34fac383a4d19968cfd7ddbf2c5b8cfaa463e183fa112d3ef97c03cfec,422057fbab420f46dfe9e82082d48f7de89e4de24fd22ab5bb3718998d6019a4,f1d9b2931fc4106d09607d63b5ceda2efa98a8fbe9c82b594cf1322e821acbb4,DIFFERENT_STRUCTURE,DIFFERENT_STRUCTURE,DIFFERENT_STRUCTURE,,,
jme_equatorial_to_ecliptic_rectangular_state,engine_invariant,modern_bhuj_standard,OK,OK,OK,107757,94393,129920,c3c9e81c41a0e1fe91b10fc5297e0cf4310738cd0d386a155b0c975a9addb453,c6700a5edc6c9369e371925fea83308255e3bfaca27f17ef617d4788d3b066d5,4d119e392ba6612f8fbec2662556b67141ce570381d57e93d0fafc612735ece3,DIFFERENT_STRUCTURE,DIFFERENT_STRUCTURE,DIFFERENT_STRUCTURE,,,
jme_equatorial_to_horizontal,engine_invariant,modern_bhuj_standard,OK,OK,OK,138763,89272,75099,f718833a39f139f762e4b59be0dc375acdff8856a8f3bf9749abaad1b9f68787,1b596424786e2e5ed38b459fcd02c0a49be092de05d4567480e84d6630de6d2c,d87ad7d658078549c19f74bab64a6dea126951b49b54fa9ce8fe622af0d809ed,DIFFERENT_STRUCTURE,DIFFERENT_STRUCTURE,DIFFERENT_STRUCTURE,,,
jme_fixstar,engine_sensitive,modern_bhuj_standard,OK,OK,OK,327795,178658,298753,10b18d1b664b964968ed1f9bbe10cd9dbb2c917d10b4947f0f9f293352486187,1ea66db8d6fb44797df089ca4efe7c54c84ed49b61cd2f520ded37cad1f551af,03fe3fe5618e7d7593af63014b80a4c5c790f353cd268463bee327f461649456,DIFFERENT_STRUCTURE,DIFFERENT_STRUCTURE,DIFFERENT_STRUCTURE,,,
jme_fixstar2,engine_sensitive,modern_bhuj_standard,OK,OK,OK,332125,202011,283735,9f3a227240ba315f58e9d8ca1653a7c13755a4630a273d48b04886374045c839,d8a49ee34dd5e51c24127cb1b412a3e8da752b56fda20e31bd857f880454f4e4,81874a8c9da0d6529811368f3d13ab47b88ed8bdb7a8f20912414764df35b220,DIFFERENT_STRUCTURE,DIFFERENT_STRUCTURE,DIFFERENT_STRUCTURE,,,
jme_fixstar2_mag,engine_sensitive,modern_bhuj_standard,OK,OK,OK,376919,340247,193234,410632ab2db39a615544acd91643cfb1afc58e7203c96d43693f5b9f172e6c19,f8934308a066312350f9427c428187c1dbc3cc24e68551223a1aa52c930e23fa,d4f0b3f1410bf137f0dbd38e533b93282974744fe66c69262f37d81914720681,DIFFERENT_STRUCTURE,DIFFERENT_STRUCTURE,DIFFERENT_STRUCTURE,,,
jme_fixstar2_ut,engine_sensitive,modern_bhuj_standard,OK,OK,OK,241866,341418,214715,909f94ba952506403131fbc9801f69139e224a69135b98cbb3d23102ca15fed2,7d98baf2177f0fb87ba9453764d2d12d706f0f227eca3e0652ac1dc69ccf765e,9f5c8c23829ef543e3635de32185fa0b98c19b81c2e1468333bf95019ad7e2ca,DIFFERENT_STRUCTURE,DIFFERENT_STRUCTURE,DIFFERENT_STRUCTURE,,,
jme_fixstar_mag,engine_sensitive,modern_bhuj_standard,OK,OK,OK,306403,314820,314876,a80b6ea381b410f4d3a68f8201289153d3b53cb59f8e2d444c0bf6838aa95c66,8ecb78ed0dcc8288d4cc404d83f1070328823581a20a2e0f558d01bddcb7521f,0e6101c5d535c23dabbc18950ea20451821dc2a3961efcf21b664849c197a162,DIFFERENT_STRUCTURE,DIFFERENT_STRUCTURE,DIFFERENT_STRUCTURE,,,
jme_fixstar_ut,engine_sensitive,modern_bhuj_standard,OK,OK,OK,235561,350566,369083,8421f72aa012fdd6a3c198154243fe5e67dc66f3b200215b038d5796728fc9d6,dbe45a738796e0ee9f0380e22ed746b223209f6eeae776f34a9c0747ab4ca5b1,1c8695284308415594ab394296788c724975c2f0da0e00bd7574e45eb6501846,DIFFERENT_STRUCTURE,DIFFERENT_STRUCTURE,DIFFERENT_STRUCTURE,,,
jme_gauquelin_sector,engine_sensitive,modern_bhuj_standard,ERROR_JPL_UNAVAILABLE,OK,OK,252334,238393,1094473,79200a3a7072d7b0ab87b30f91926989eec68d1ccc9bad0e75bdd1c0bbf7e6bc,ba21e1687cf1411b7078adcfc70157deed05b46a68aec1893e21e216ffefdbe1,a1ce0f5599358372258180178ce0c44cb7c9198d2850b073a7db61bbbab2db8e,ERROR_ONE_SIDE,ERROR_ONE_SIDE,DIFFERENT_STRUCTURE,,,
jme_get_astro_models,engine_invariant,modern_bhuj_standard,OK,OK,OK,132180,136406,126478,07e14121aec01fbb70ad916156d42dfa766a579f2e2518795b2cd68a02ce766d,eb4da4536961b409b695a4961f90c7014ba6ee372fe729a67e57592b3095e45b,3d54a7aa308220eb1549470b54cb2050726bc79effd65d795bda05473503413e,DIFFERENT_STRUCTURE,DIFFERENT_STRUCTURE,DIFFERENT_STRUCTURE,,,
jme_get_ayanamsa,engine_invariant,modern_bhuj_standard,OK,OK,OK,227540,228587,234098,3fd99d2fc9492da10e2269f60162840282447aba701a6b21f52fb1d102e36fee,a8021ba31c149a02cafc3f012e9b9a3e2c263941d3af945d09b0198a8c4d7940,48ddea278da51a8437e1e3b12629651b34f1acb194b26527e6c71953fcd2ebd3,DIFFERENT_STRUCTURE,DIFFERENT_STRUCTURE,DIFFERENT_STRUCTURE,,,
jme_get_ayanamsa_ex,engine_invariant,modern_bhuj_standard,OK,OK,OK,234380,184653,176252,12305644c76639914699094efd1e3e7103ef81d3a5a6a1855f4fb2f3a505b0a9,6a6491eeb676b4f64ec42e5ace8d882b1be011368407fc92ada73e9688933a83,4bbc36106bafc49527d6aac27c1ba6a31259b8493cfda4fdf32b9e180e308747,DIFFERENT_STRUCTURE,DIFFERENT_STRUCTURE,DIFFERENT_STRUCTURE,,,
jme_get_ayanamsa_ex_ut,engine_invariant,modern_bhuj_standard,OK,OK,OK,173201,96027,90975,e5033e3dc2a12fb3dd5e200268a0268e4ced8f55f15cd3c6f7f4d173fd2e33e7,c3673320b73b71352669429c2e739989724d8b4547c5ac34a2e16052b86732c8,d9ec056fe2ef3a22b17ef3e103f4f316a5a09d9ebf4b5f09ee04d6e7d38fa0a3,DIFFERENT_STRUCTURE,DIFFERENT_STRUCTURE,DIFFERENT_STRUCTURE,,,
jme_get_ayanamsa_name,engine_invariant,modern_bhuj_standard,OK,OK,OK,69810,123985,120960,791713b904980b3393d7276d8e6cdbfe7b24ee5c684d27d4452955daea29feec,ba3e4b869fd337014d71357fbf2baebef6b5faa00fe2d20cb2e2a0b16300dd84,ae924aee6d4f4b3e00c32eff92356219ab5c4020ec3d303e3f704d358e5c510d,DIFFERENT_STRUCTURE,DIFFERENT_STRUCTURE,DIFFERENT_STRUCTURE,,,
jme_get_ayanamsa_ut,engine_invariant,modern_bhuj_standard,OK,OK,OK,120807,154004,81256,760ea924bb320dfa97f2db14bb578b8699a02413e5a2e459ba7535d802a3ef8b,eedf8298bb42f8b5c4607e0302e7a23f75358c3b4a0891384bb6465dad0d34a7,5dbcbd830b856667e06d92e3ab8dcea641e3dd3bcc878b870a39f3c2da2e3ba5,DIFFERENT_STRUCTURE,DIFFERENT_STRUCTURE,DIFFERENT_STRUCTURE,,,
jme_get_frame_bias_matrix,engine_invariant,modern_bhuj_standard,OK,OK,OK,62834,88092,107568,4fbc689a49a49610f695cc93ea602cd584f5a520ce9d118647b1986b73c1fcec,630a4f99f975aae003b56d3a761524793e26e010875ee4c92fbcf3ed3d6bf947,0dc1f9f2fa07b9682b06991c0e3b16afdfeb7d209b6c59787b958ff2ed89de7e,DIFFERENT_STRUCTURE,DIFFERENT_STRUCTURE,DIFFERENT_STRUCTURE,,,
jme_get_nutation,engine_invariant,modern_bhuj_standard,OK,OK,OK,104327,105231,106855,9710b5a0eafd8f41430c0689e707c3c1274d76680370d638b10fa669626e59b7,52fd60fcfe44a57c41f052ae3c4cdec4355fc5140dccb36f60f71a692695e2a4,de38df8330e6a31ce232556696e8bc7b88ec1eb1ad5b4d6e98b5762d7f1983e4,DIFFERENT_STRUCTURE,DIFFERENT_STRUCTURE,DIFFERENT_STRUCTURE,,,
jme_get_nutation_matrix,engine_invariant,modern_bhuj_standard,OK,OK,OK,97139,107285,92695,a4d132424c91be5005363e8d378420d7ee58128f5c3dfc4687ee0beaf3bcc52d,651ebd2df024b79d6e1010a35437a4feb3678cfe258f13bc4ea3a73356207fc5,6d14ddcf633eea532803fc7d3a0cf281741b63ee68d577b2cc8aa7f31c1228cb,DIFFERENT_STRUCTURE,DIFFERENT_STRUCTURE,DIFFERENT_STRUCTURE,,,
jme_get_obliquity,engine_invariant,modern_bhuj_standard,OK,OK,OK,77006,78749,81392,b09c80693d59719219cdcddb443451a6020804e27a9a15258a6bb79c375af8b6,ddcaa0ae0c30a77c934f73c4fa2baabaf33e01c950d3237a1d3bae6a41ec3ea6,dfce85cd725a65a68685ac2c25e3b91973a779cd5f43bc4459275a2fccd4da8f,DIFFERENT_STRUCTURE,DIFFERENT_STRUCTURE,DIFFERENT_STRUCTURE,,,
jme_get_orbital_elements,engine_sensitive,modern_bhuj_standard,ERROR_JPL_UNAVAILABLE,OK,OK,208978,225534,1330839,a9a910b69e5448b7e0dce1bde1c9036237f67770dab1a25337ee567545f2c9bc,e25f104894d995c302b176de1406d425241cc36845e409ebb8e6921b6aacd0fd,7ab7d452ea272760333adff74395c66555d3b9c54af8fb6764228fb2add55167,ERROR_ONE_SIDE,ERROR_ONE_SIDE,DIFFERENT_STRUCTURE,,,
jme_get_precession_matrix,engine_invariant,modern_bhuj_standard,OK,OK,OK,93154,108650,98965,2c706fa25c2526dac6d5d2d287ff3e392f0f86842edc052d075213fe68600b24,92d4eb4e1e366c6af1f09dc61a99942c53a3e92105b16fb72f82149c014cc599,3b79d4aabceccf4173ad541755d263320462275bb0896a08cc73e1e269ed95e7,DIFFERENT_STRUCTURE,DIFFERENT_STRUCTURE,DIFFERENT_STRUCTURE,,,
jme_get_sidereal_mode,engine_invariant,modern_bhuj_standard,OK,OK,OK,80959,139369,137441,9d2277a4d19ed20650c3b5fb174cc9cd8effd9916c78756a94bc16c91070d88a,2405b51a37aa725b6714ed7af16f65d94d5d189cb4b23f6edca929053e4a8683,3ec661be0fa6bb359b7a62e83a15dfe2956bd08e992bf415abcea1a7a97ed4f2,DIFFERENT_STRUCTURE,DIFFERENT_STRUCTURE,DIFFERENT_STRUCTURE,,,
jme_get_tid_acc,engine_invariant,modern_bhuj_standard,OK,OK,OK,37054,35663,37588,ec6c6aefc98d8ec3e74f2f566e755c92e6fbde5e45e411c26d5c846625c88b36,4895cd9a786d7c4d8eb8ebf69a44de34f5f6217f4edea280b239d086188855d2,c7f435e5469072dddf0915f933d9bf41e54dc0a6cc72a7600565fc38e18dc568,DIFFERENT_STRUCTURE,DIFFERENT_STRUCTURE,DIFFERENT_STRUCTURE,,,
jme_get_topo_pos,engine_invariant,modern_bhuj_standard,OK,OK,OK,123236,112545,124742,378e63af9f861207fc088827017519db0cd49e9d12bc56dd521c893bc133791d,249f42ded2d76780ffbdce441f32ba0486789f36ea8a91622680ff04a6d712a8,ad85ba333aa3e8adfdef07185ce52d92ecc08fdead2a802e65a9db2429508a1c,DIFFERENT_STRUCTURE,DIFFERENT_STRUCTURE,DIFFERENT_STRUCTURE,,,
jme_heliacal_angle,engine_invariant,modern_bhuj_standard,OK,OK,OK,71703,272362,3633774,364041a2897a05de1cb49f3c285e1dabd56666142a9e83b5a64b1909f7f90054,b0203541a3c55a83b2b16989b2bd1d3820eb8e96a16a14e92d2839cbacdf6dee,7bd8732dd788326919e3643f000fb62dd21016444678437237634403c4ec8b09,DIFFERENT_STRUCTURE,DIFFERENT_STRUCTURE,DIFFERENT_STRUCTURE,,,
jme_heliacal_pheno_ut,engine_sensitive,modern_bhuj_standard,ERROR_JPL_UNAVAILABLE,ERROR,ERROR,326542,218686,131096,3292e81def947c2cc44b05eaedbe33e3a29d62d9f45e0f1bf82f4f4e9052cb84,7cc7918792b71577fedf15b0ad1071e5df1e0e2d2cd8d16673a238b8fb4d5cde,fa54689ce64c70c8691434915ac0919d50bbd020feb9a343a28755c3aa3ccef1,ERROR_ALL,ERROR_ALL,ERROR_ALL,,,
jme_heliacal_ut,engine_sensitive,modern_bhuj_standard,ERROR_JPL_UNAVAILABLE,ERROR,ERROR,213155,306180,295501,976e83119e7c992175f79c174ccdf5729b4eedb9b72d39009241a6634427a452,ad95fe17111cdcab8286421742eb5264529f022b9c272c0d14d7eacd65072fde,eab442ab08075e30439a4f36d4bcbde5360222145653627c0489cb552e74e858,ERROR_ALL,ERROR_ALL,ERROR_ALL,,,
jme_helio_cross,engine_sensitive,modern_bhuj_standard,ERROR_JPL_UNAVAILABLE,OK,OK,202159,128585505,5796719840,80d80fe61ed4245c0e79449072570e8fbe2088008bd886bc21de3c67e5537c63,e2c7377828ca1d8174ae27908c124f0202cdaba918897ffbe7730403e59315e7,d1f2af41f1e5e67e63b11622ffe345df1a4c8c11b43152d657a8208099ece0cd,ERROR_ONE_SIDE,ERROR_ONE_SIDE,DIFFERENT_STRUCTURE,,,
jme_helio_cross_ut,engine_sensitive,modern_bhuj_standard,ERROR_JPL_UNAVAILABLE,OK,OK,108704,120642880,5294054499,bdf2519b8cab20735942ace8c2c987c88e0842808ef8e161a03e1b6001cc7803,6c89768ac421805a35ecf676a1c3df07220d4a337dc95becfab81253e8e94c1f,db955264c07f255ef85ea5d21dc93623fe5ca1b14c4ef3a5e2ac792c8a29c599,ERROR_ONE_SIDE,ERROR_ONE_SIDE,DIFFERENT_STRUCTURE,,,
jme_horizontal_to_equatorial,engine_invariant,modern_bhuj_standard,OK,OK,OK,48737,52581,40979,900e311824c4b92b3745c701202b627b742860aa577bc7aca04d629e037f2995,106bc730915b41985dd48a5ef9f4ecbfd8a1a072fcd1d10cbecd8372ccce4b98,df883a19e6b33431af5c39f4cbb1a3b124ad6521a26dc649c359caba7a322c03,DIFFERENT_STRUCTURE,DIFFERENT_STRUCTURE,DIFFERENT_STRUCTURE,,,
jme_hours_normalize,engine_invariant,modern_bhuj_standard,OK,OK,OK,93661,58711,63121,f825fd4eb5f574a494053ee514e87626c435cf8013884d8026dda682eb1b834c,d68c580429ee85ba3002da74f6619fcbf87e92abfe80143496b2eba9f763092b,e316087fac29739bdb62d99ac2e51bb54f96932fbdd0216ed5601a34fd5d6345,DIFFERENT_STRUCTURE,DIFFERENT_STRUCTURE,DIFFERENT_STRUCTURE,,,
jme_hours_to_degrees,engine_invariant,modern_bhuj_standard,OK,OK,OK,57794,56955,58204,91184f962ced266ba5b00a9d99f583be955f5078c6dd5393cee9906e4bf6e473,86da7746e339fdcf66f5760fa1aae9524ce18145ddd0ecb5e684e325dc920be5,a5eafcb85ef2f04ce893f1f48a080a8259abf05952b61059b855866548d03d5f,DIFFERENT_STRUCTURE,DIFFERENT_STRUCTURE,DIFFERENT_STRUCTURE,,,
jme_house_pos,engine_invariant,modern_bhuj_standard,OK,OK,OK,82968,91113,87165,cba573e330ef481f4c16de6d0e60610af164ebb1a4e99fb26b01ff2d0991d282,41b0981b902fb8252f2c805e13d1c0c8c27cc9e30512b0fcdf4bb1f949b9bcf0,b40f5242e8d2d87511e862b42b5ea4b4070b36b7382be957ec2f5e3cf75a2ed5,DIFFERENT_STRUCTURE,DIFFERENT_STRUCTURE,DIFFERENT_STRUCTURE,,,
jme_house_system_name,engine_invariant,modern_bhuj_standard,OK,OK,OK,53827,55596,52779,6d49baf96a63dfd7f586a377c4c02afff6a28b9c4a9adfb5a17fdb8a22a02564,3549b2ea6622700ef4463862486b9f0465a8b40154b42e6d153e5e475aef3706,4913ee11badb69234fc79845ca29ccfd1ead113a4f2267e6ec0539febdbc3488,DIFFERENT_STRUCTURE,DIFFERENT_STRUCTURE,DIFFERENT_STRUCTURE,,,
jme_houses,engine_sensitive,modern_bhuj_standard,OK,OK,OK,193005,179028,175219,cb84e29a2befce68a89df20b5af9af3059b6a8d5d7c8c8ddbacc37c0cb02e18b,dca3f77951fdf1ac09c1ea1f4919141570efc5a906afabde9363a9289c34b6af,972daa88cd8a206b5498d543a86ef12c3b77aee3b5c928c89c4616eb8574b5ad,DIFFERENT_STRUCTURE,DIFFERENT_STRUCTURE,DIFFERENT_STRUCTURE,,,
jme_houses_armc,engine_sensitive,modern_bhuj_standard,OK,OK,OK,167524,200159,180687,248f99efff1a7b3eb79d4a2b59398719618a51aef469fef4eb1680f37aca4de3,e8dfc5294058a443c12ab8945e531b1a7b5218efa64cbf559b8b1cf235475d60,4bceb06c68e26436c0e592e0d2879bedaf95baf664971db64558c7c20a3d3c3a,DIFFERENT_STRUCTURE,DIFFERENT_STRUCTURE,DIFFERENT_STRUCTURE,,,
jme_houses_armc_ex2,engine_sensitive,modern_bhuj_standard,OK,OK,OK,342399,229624,217752,8c199fe6d06c6a0824b7b79b84fb6902f0ea836beaf43e495d621c9856a5544c,1bd247d0a3b7efbace9e095c355d3a17848913ea25cd604116655efc15d7d2fc,199f4e5dc703c4ab72199df850245056d2d97b5052c48049421a79245fb657f4,DIFFERENT_STRUCTURE,DIFFERENT_STRUCTURE,DIFFERENT_STRUCTURE,,,
jme_houses_ex,engine_sensitive,modern_bhuj_standard,OK,OK,OK,229694,265990,272503,86064fbf8a03d231f1823571d89064976c7e15d4ed8155fe64ce4b018ce9d702,0a4878eabd514664cd0431ca67ac7fd491ad7843025cd4c2f6f778d4f43e4cf8,cfa7e9c6f74c5b693c4e9fd52ff1537811745d3d58e80729918815dbf6b4ea4c,DIFFERENT_STRUCTURE,DIFFERENT_STRUCTURE,DIFFERENT_STRUCTURE,,,
jme_houses_ex2,engine_sensitive,modern_bhuj_standard,OK,OK,OK,333564,423669,432558,df5f58ecfb68d80d06cdbe9861fb765c108d7509455361db7f5427f74a309843,690af6c1fd857c3d380e09bd8ee66c1c201fb57e33a76b767d89b2b0b89f0772,000760239dbeeb2d262023ed75c1b0aa2ce3595febc19a8b11c0a9e236b8d285,DIFFERENT_STRUCTURE,DIFFERENT_STRUCTURE,DIFFERENT_STRUCTURE,,,
jme_jd_add_seconds,engine_invariant,modern_bhuj_standard,OK,OK,OK,164693,180845,361238,19a5c8462ceacedd6a68d84b5240255aa892071af294efc346e896a2d3aa9f3c,d0be06784d488a87ba3de858229522e62d2038fb3b9bbbb4959ea24d7a99fa17,a44224f95271e4b028260d6737461f66328be569053902e55b6602304a775d9e,DIFFERENT_STRUCTURE,DIFFERENT_STRUCTURE,DIFFERENT_STRUCTURE,,,
jme_jd_difference_seconds,engine_invariant,modern_bhuj_standard,OK,OK,OK,233082,261623,220928,b3bab8423d9897126676cb56952691738af8b6dd19cb57363e6b7c5c22f3b15d,aeb0aeb12b9ed3b97ec11883fd87a1b1d27cdc64d0559c217c390454905fbfd1,0a648c254116da415b1a58fc343e01ccaeb2582b72074708f0158dd5e8f43645,DIFFERENT_STRUCTURE,DIFFERENT_STRUCTURE,DIFFERENT_STRUCTURE,,,
jme_jd_to_utc,engine_invariant,modern_bhuj_standard,OK,OK,OK,104276,169760,163809,fe0f75e106fb6661c8dfa0edbd72c0d8aa9475abbd0a7366686d8685a28637c7,cec11d7c990f23f62b26c0be5d2934fd9c2d58a4c8e34813a7d8c6cd8ba7d463,c64f3d82aa6fe55d9ad023fec24b2056b68e1f38546b5090bc5da53cbdc98f3d,DIFFERENT_STRUCTURE,DIFFERENT_STRUCTURE,DIFFERENT_STRUCTURE,,,
jme_jpl_body_state,engine_sensitive,modern_bhuj_standard,ERROR_JPL_UNAVAILABLE,ERROR,ERROR,231532,283544,240817,c57df4bb34dec080b7ab4df9a3fb460dd133931dc6a26dfd7bac0964b3f5ac69,d40f44098d2dd50d29ec64c6e317a548a1aa54e2240e801567e0a092a097b4d6,f5c45523230b900a14ff6ecae4548fd47e1b346e8cfc4b2c26168e190e49ae18,ERROR_ALL,ERROR_ALL,ERROR_ALL,,,
jme_jpl_body_state_naif,engine_sensitive,modern_bhuj_standard,ERROR_JPL_UNAVAILABLE,ERROR,ERROR,218700,262493,226587,c1c6db180096d03ec695ee83671776794a738469a271407d768e3f487b8078ad,23d0cfc1ab807381890fbb26f8a2be0e87d4581f1dd1328e88def93d9c7762cf,5455f3ed4c7fd7d7ce06222855a8e2880f5ebab38d20ae6a30d8a20f5c65e0c5,ERROR_ALL,ERROR_ALL,ERROR_ALL,,,
jme_jpl_body_state_native,engine_sensitive,modern_bhuj_standard,ERROR_JPL_UNAVAILABLE,ERROR,ERROR,281724,289756,255071,0f74d9e57e967a3c9d7bcc2f00ac63b4b297342e1915fe24774012eba6121338,a2de5d9c765c242d074eac7b2e4f384a10604ee7afbf84fbab808fd1cd47198a,49c4eedb067443103b9bbf2c5d14aa82bcc24a97c4026c5cb3ae6d3183f9099d,ERROR_ALL,ERROR_ALL,ERROR_ALL,,,
jme_jpl_body_state_native_naif,engine_sensitive,modern_bhuj_standard,ERROR_JPL_UNAVAILABLE,ERROR,ERROR,210888,254134,213930,0ffa1f279166643a45a11b57900cf248465ee33f9c0326b65a6f01ee51b27c21,70920ddceb7164aff4a5238150d1480f5cbbb55643328ca22cb32f45f77faf25,38b183963c09dc8e897bc68f1f82b0c2048ccc63e5a46e4d44ba83220a01c794,ERROR_ALL,ERROR_ALL,ERROR_ALL,,,
jme_jpl_body_state_native_split,engine_sensitive,modern_bhuj_standard,ERROR_JPL_UNAVAILABLE,ERROR,ERROR,233617,262344,400792,38d151c9664b533c98b90e13d4bffeff885f8eb78b2a23564c204ff51e5d7443,0e856df81906c54e793bfaebb339e2ba670c9fea073fae03a3caf70657fdde2f,3646f2616e5e853176dd3ea59a206712473979d67fef26181befe644856b7e62,ERROR_ALL,ERROR_ALL,ERROR_ALL,,,
jme_jpl_body_state_native_split_naif,engine_sensitive,modern_bhuj_standard,ERROR_JPL_UNAVAILABLE,ERROR,ERROR,295804,219436,240102,b43061d7a8f4ae8e8a0d478ad1c8886519ce3b2e14671d6324eab1d9fb21df54,398a7577a0a690aba33ef07f11067d41639c243a085913301e4707548471f770,e02f195c5eb900106726331d171a13eadb18c4cb7faf9e8c3b53dbfd899b51f7,ERROR_ALL,ERROR_ALL,ERROR_ALL,,,
jme_jpl_body_state_order,engine_sensitive,modern_bhuj_standard,ERROR_JPL_UNAVAILABLE,ERROR,ERROR,416963,231242,257709,92afe133d23c33ef7248ffd530e6c47c7f9c23b6517727bae45d1ecc0e4456d6,1006e0beb8baa16e46f821edaf14823235c6442df54ee07d39741e435fefbf88,a5ce5328103a5a3b1c3b882353b846a7c64a2926a3bdaa3b9840dc15c12b1b51,ERROR_ALL,ERROR_ALL,ERROR_ALL,,,
jme_jpl_body_state_order_naif,engine_sensitive,modern_bhuj_standard,ERROR_JPL_UNAVAILABLE,ERROR,ERROR,289169,219686,214638,147c7e8c46879740c749a77720b14d1fd143518ba1ac13cae8120e2bf1b28f2c,74a21dbc0670474ad543389aa021e3316328e74646853482afc645a29dcc8ca3,55582abdb4c8d155e39d36e9d23ef01f45f3e501bf18f742b76598500fe1edf5,ERROR_ALL,ERROR_ALL,ERROR_ALL,,,
jme_jpl_body_state_split,engine_sensitive,modern_bhuj_standard,ERROR_JPL_UNAVAILABLE,ERROR,ERROR,269699,221340,274861,a46b8427763ee83bb501f3e5addf08e61fea46ef48db2a483ac1e21eb9844556,8a801e8d431dc66fa8a1ef7f506576fd3ed553ec97f42a43827d02de648137a9,fc835a20685fbbf9bfb3263160eee0151ce018a93c74551a780d5fd43d4fdbb5,ERROR_ALL,ERROR_ALL,ERROR_ALL,,,
jme_jpl_body_state_split_naif,engine_sensitive,modern_bhuj_standard,ERROR_JPL_UNAVAILABLE,ERROR,ERROR,211853,229845,209098,0ccd59ebfbf263057e8e8dff2fd920c89664213bb4e9acc6265198cbb0055088,698db2c7ba688f4b3294e77b94cbfcc8f84864b098578b63a833575452beffd8,c5d87b9991af43b5bc63aab39def9244257301171f7791d0090adf087ef9babd,ERROR_ALL,ERROR_ALL,ERROR_ALL,,,
jme_jpl_body_state_utc,engine_sensitive,modern_bhuj_standard,ERROR_JPL_UNAVAILABLE,ERROR,ERROR,284239,287904,248139,52ccb8bd23c5d0eca72d91aa4e4723574b0828cc8e55bd136de29c9c07741457,4f991f701f2ecc9cb399f40ae025f831ca985de77c953bacbb5041795cf35e93,052dbe3236e1aa705ab25ac9d12d5f04a37cbca4d0eabdffecf6779d5793205b,ERROR_ALL,ERROR_ALL,ERROR_ALL,,,
jme_jpl_body_state_utc_naif,engine_sensitive,modern_bhuj_standard,ERROR_JPL_UNAVAILABLE,ERROR,ERROR,255792,249284,407849,1864b82b1844e5bb86fbdc5a6a002c048e003dca95c78ced45f3d433555276b2,15f2a0ba2fb90f07af6668caf9b1f9637adad196319b388502438c340d1fa110,b274eef8007b7742215c52179381a3c5d3de30cfabb0e4820c982cf6bc9d11c5,ERROR_ALL,ERROR_ALL,ERROR_ALL,,,
jme_jpl_close,engine_sensitive,modern_bhuj_standard,OK,OK,OK,59714,65568,75272,233395b35e79509aa9ee3b1b758c439ca9715988f7d9283e5817073ecd7b25f1,9574da43d1fc4c4d57a3dce972276ea1d87f28540f6e7178c50014f37d3f8912,94c3cd171d658cfc9396e867be42e647ba5389ef382b133454045efc082b5057,DIFFERENT_STRUCTURE,DIFFERENT_STRUCTURE,DIFFERENT_STRUCTURE,,,
jme_jpl_constant,engine_sensitive,modern_bhuj_standard,ERROR_JPL_UNAVAILABLE,ERROR,ERROR,208609,207358,229305,a8f9491fa5130a0732c67a47ba1e54da5bf336bc74cec525aab35c5c8f93579c,16323cc92f20b74bfe94fab68b13ea719c6a8b72899fb0ff7f343ef792e0476e,d8f2adbb89bf5e542260966c943c88c93cc8da2d84421dd3bb748e809500a54d,ERROR_ALL,ERROR_ALL,ERROR_ALL,,,
jme_jpl_constant_count,engine_sensitive,modern_bhuj_standard,,,,130166,143396,165230,c2de5cce11030aeb21bf6c0c38357b978eda77df631c106dc601546e3fd6cfc3,7fc2e39ff32a42050a8b71f4df997eef9c23ded8d2e8272b693cf578b82ac8d0,81ddbeb52f6be9f9694f5c6cc5b7b9da77e1f473d73ce7af6cf8c40df779a93a,ERROR_ALL,ERROR_ALL,ERROR_ALL,,,
jme_jpl_constant_index,engine_sensitive,modern_bhuj_standard,ERROR_JPL_UNAVAILABLE,ERROR,ERROR,260669,213511,238249,063132de538e2d051297921b252ce086f835e2c6579ce4255c25d16d275d5aec,8d045486c1ceae11beeec0aa5884da7f1fe6ff07649fdbe680260d52a7da821b,f70bf4c5f6a64bea5dbd92cc38fd8818d76332d725be8b9ea81668026b34ba34,ERROR_ALL,ERROR_ALL,ERROR_ALL,,,
jme_jpl_constant_string,engine_sensitive,modern_bhuj_standard,ERROR_JPL_UNAVAILABLE,ERROR,ERROR,191802,210006,344568,30b4515e890caa4ba3e8cfc741dd6716d70e0f0c2e462b8b3b49386819e214be,1ebef5cdd698353159b692fe85b0841efba8261601c7abb1990e582abe3ccf5d,e50dd74bc5b667e60477217371c306a18c6ee6634989b57c287c7576878522dd,ERROR_ALL,ERROR_ALL,ERROR_ALL,,,
jme_jpl_constant_string_vector,engine_sensitive,modern_bhuj_standard,ERROR_JPL_UNAVAILABLE,ERROR,ERROR,196702,236213,220175,0725c76288ddd0cdeb636baab28d7c6f1526b500590c8f500896309ebdacb406,92ed5e0319d3a9351425df9690829966007aaa22d43dfc2f5b574c44dfd6dc74,4839528c9a893d66a3aa5b63a4370439255173368e04146820003bae22d564d4,ERROR_ALL,ERROR_ALL,ERROR_ALL,,,
jme_jpl_constant_vector,engine_sensitive,modern_bhuj_standard,ERROR_JPL_UNAVAILABLE,ERROR,ERROR,220825,208156,377467,fa86e07b7039f8cb1a233a21546a8e14ef513f9f7098b81710c1a9616a639e8a,ddc7556474afd810a90db37f1dc0c0718306a9617e45f96a4218fdbfa8032e7a,44ccdb8833da4847c2427faf3069bc560c5e133dc50e3d1f275541c33173837a,ERROR_ALL,ERROR_ALL,ERROR_ALL,,,
jme_jpl_coverage,engine_sensitive,modern_bhuj_standard,ERROR_JPL_UNAVAILABLE,ERROR,ERROR,192835,200616,342671,bb7d66d96813a820207e2f8e89fc1c65612e96677804a53bb91f252851828bbf,4ab95e62d2a2ee36a9e1752bdc7ad46609f1cbf52fbddc87d6df3b43a921de9f,b6107d30cadbf3004c35e18c38b46328ba846549c172fef8ed0431702664020c,ERROR_ALL,ERROR_ALL,ERROR_ALL,,,
jme_jpl_current_file_data,engine_sensitive,modern_bhuj_standard,ERROR_JPL_UNAVAILABLE,ERROR,ERROR,275924,215740,282178,363dce2cb59200fc88536b494024e978f58260602f43dae06d6596c71a4a2e12,1ebf04db71a0573fd484eea00e455a8834c5a50b976a338ea674de2ed81407fe,2c6f82477eab2d691abf72217370670daabacd12fc94f48e6a91035379e6b48d,ERROR_ALL,ERROR_ALL,ERROR_ALL,,,
jme_jpl_ecliptic_state,engine_sensitive,modern_bhuj_standard,ERROR_JPL_UNAVAILABLE,ERROR,ERROR,225987,232087,234812,ae5018035ea7fc1e3da4600a3cfe574c50ea05d1bc46692067c14077131b3b29,52bec8ffafb8fda40b9e8f62e783de9ec367b49d2fd916107cab5603db0683a8,90617b6e819b3fabc0c245fe7de24f1026c9e0d19f1d5ccff3c3bc9baa6f77dd,ERROR_ALL,ERROR_ALL,ERROR_ALL,,,
jme_jpl_ecliptic_state_naif,engine_sensitive,modern_bhuj_standard,ERROR_JPL_UNAVAILABLE,ERROR,ERROR,251965,213908,214862,82526174680126a613e243022a2bbc55368363380bfdc1b74e669f18c49f6a86,f9c845da3c06e8cb997afff44c18ea34f501497cc28258d99c0226c2a7d63201,eb837aeca79587a95f78e8754cbfc903df046ed754a652493dffa27786868efe,ERROR_ALL,ERROR_ALL,ERROR_ALL,,,
jme_jpl_ecliptic_state_split,engine_sensitive,modern_bhuj_standard,ERROR_JPL_UNAVAILABLE,ERROR,ERROR,227394,346053,231614,e1b3a3cf93e69f35b01725187c9477f6c96886ffbc991ce2a5882603d23c48f0,a759f42a506de4b8a3492022f9c79010550d0597cda5272c18bcd07a9cef5e8f,6e397cf1c89b349feea79fbe3f967f59b49a5f636bbea7557f7aaa77c341472b,ERROR_ALL,ERROR_ALL,ERROR_ALL,,,
jme_jpl_ecliptic_state_split_naif,engine_sensitive,modern_bhuj_standard,ERROR_JPL_UNAVAILABLE,ERROR,ERROR,280414,214997,243722,ed83e3ae134eabeb9c815979dc8f7587a1fb838743ee76cce25a78067aeb15eb,4dce32093be6284b10ea1a50a15278f9b7202fe1aca79d92a5ba17776bdbd839,8266f9c970c43eeb173f7f3bccdd6acf1916a056c65f9446c704a552c29a70cd,ERROR_ALL,ERROR_ALL,ERROR_ALL,,,
jme_jpl_ecliptic_state_utc,engine_sensitive,modern_bhuj_standard,ERROR_JPL_UNAVAILABLE,ERROR,ERROR,258902,463212,249959,d943e622d55264d7d91be940fdb46361e8da2617532cc867c2e28ac491e3a471,e7c84d91b4f1fa1d0aa9d3273af111147f7a965c57a8e781ee252d35ec1f22f7,aa5d0ea548b0b67a0c902603775c0828d9a3ad8adc1ebd2c9cf5a75d8f69f2f1,ERROR_ALL,ERROR_ALL,ERROR_ALL,,,
jme_jpl_ecliptic_state_utc_naif,engine_sensitive,modern_bhuj_standard,ERROR_JPL_UNAVAILABLE,ERROR,ERROR,420713,300604,248258,4eb8af96355016da7c2170f6c445535f7874cfe0b2fef3b85238d0e8ae06f26f,3a3495fcb6cfa8d158e53179dfc066ca81f43a30a9ecb8cc8c69b5e821a120ab,8a0ad07b0f899d442ebc1f55b65c16b8f425d85f6f829526be12269bc4ce4fbc,ERROR_ALL,ERROR_ALL,ERROR_ALL,,,
jme_jpl_engine_version,engine_invariant,modern_bhuj_standard,OK,OK,OK,195967,346087,168692,3e43668a0096f4bd95500ad288fb39beaf5264bda55b9cbcb5e8fdb7c95517bd,a40641e0bc8b21d011797205d03d7aeb38175a1f0cdde0780010007af8479719,5431c72dd7ba8597de82f3a607df36828d0db183dee8e944e8de1985fe1ce148,DIFFERENT_STRUCTURE,DIFFERENT_STRUCTURE,DIFFERENT_STRUCTURE,,,
jme_jpl_file,engine_invariant,modern_bhuj_standard,OK,OK,OK,405318,237952,485484,d979119e45fae8fc170b3db9ec66f71d57977d3807a393a10014b12ca354fb1c,bde24ace8d3175a0401a743d40aedfd8a8ba8ffe57ee8e402e2bd311c883e990,44b365408643822832291356ead9d06962a5f3fb78123dbc95ef5eff86b38348,DIFFERENT_STRUCTURE,DIFFERENT_STRUCTURE,DIFFERENT_STRUCTURE,,,
jme_jpl_file_version,engine_sensitive,modern_bhuj_standard,ERROR_JPL_UNAVAILABLE,ERROR,ERROR,289701,347614,406853,1d0e3576fdb7c48ebde2b1cb4790f0083892a4c2f7044f2872e1c18a79bfe8b5,cf94ccca25f9523bba99746ce714858aa4ce439dc1181033877311d661c69b6c,6ad9bcf8fafd75a7f27d30243f0f794082b7c7874b608fb1b5ede19e1e740dc6,ERROR_ALL,ERROR_ALL,ERROR_ALL,,,
jme_jpl_id_by_name,engine_sensitive,modern_bhuj_standard,ERROR_JPL_UNAVAILABLE,ERROR,ERROR,381243,194328,203559,519c84c8467ac3ee3b23dd7a2e650c210d7e8874f1338ce5b139a05dbb970247,3fc65e5a1d961d1d7c366490c601947c3f26489b6db3c264c0bee0cfe79da379,f4f19157ef8e08d150d851da3c45a96910f75066cdc276dc70235ecb98281619,ERROR_ALL,ERROR_ALL,ERROR_ALL,,,
jme_jpl_is_available,engine_invariant,modern_bhuj_standard,OK,OK,OK,81781,64292,73934,7ca989198c4efb7e159461ae5d3d85294654d3fa11e8ebef28212942721e7018,b2353065f23b520d809a541c4ba4db209ead58416b75c1258b0a6f2e9cf17b12,10fcf6838f47bf8ccc767af267a211091ac77141908c34fe94ccf7e400635216,DIFFERENT_STRUCTURE,DIFFERENT_STRUCTURE,DIFFERENT_STRUCTURE,,,
jme_jpl_is_open,engine_invariant,modern_bhuj_standard,OK,OK,OK,166224,83592,72162,a8a8c2ffd78cd12034641eb86b303dbf4143e538471e907c55cb13276411168e,88ef6102bb6b88afbd33562683dc13adcee6cbe8963790da5f2e17ed30dc84f2,66c10de3ed2ea627758e4d06ab9fa0ed3470bbb7fce5e4640cf7399e0b9823e0,DIFFERENT_STRUCTURE,DIFFERENT_STRUCTURE,DIFFERENT_STRUCTURE,,,
jme_jpl_is_thread_safe,engine_sensitive,modern_bhuj_standard,ERROR_JPL_UNAVAILABLE,ERROR,ERROR,195456,191026,245110,e8726233301b1a60b161097756e86a471fd43950ef491c59b7195b0c9389bfe7,dfb693193836d9b392db51915f42f933fbebd31519020a6fd3b5889520d0cf2e,8fe76dfaf923407d554b8c77b38afd81bdbf2b29d624f62580cec98f92752139,ERROR_ALL,ERROR_ALL,ERROR_ALL,,,
jme_jpl_max_supported_order,engine_sensitive,modern_bhuj_standard,OK,OK,OK,65347,71551,75709,c224c2332244091adf492ac7c2c4a6cf873c7c3f2f0c03d3412e8b9ccb5d3b35,471c54bd4058d177c60b036596ab54807bb6414bb73cd1d414173d2f43aac167,727c84a6d368644ebf891cfb05b39dfdb55c487886e03fc9ac08674f444faaba,DIFFERENT_STRUCTURE,DIFFERENT_STRUCTURE,DIFFERENT_STRUCTURE,,,
jme_jpl_name_by_id,engine_sensitive,modern_bhuj_standard,ERROR_JPL_UNAVAILABLE,ERROR,ERROR,198330,202926,196448,50fcd80db258a442f374a4c8960927b07fd028b4863cac182acb9aff78d22d46,35b6bfe6085ef53f654e56eb7e9bb304a8c221fc16fa4d3a3529d581fdf14a72,92bd2bda558cb41a8e14e33055961e5802f8125ce0a9c50218ef55c24573c28d,ERROR_ALL,ERROR_ALL,ERROR_ALL,,,
jme_jpl_open,engine_sensitive,modern_bhuj_standard,ERROR_JPL_UNAVAILABLE,ERROR,ERROR,191515,219172,399662,1348442201efb08883a14e4eb5349fd8d9b28ba5998620d9ab18a5d9db32ed76,7a9329948a435525e1ba43b2108f99ff455d95190c49d3d82e5986eff4823863,6a9cc27aeeb0f5fa58c642136e5c8e2bb5b5718f1a7cb41c5e8b5d7f32cdffca,ERROR_ALL,ERROR_ALL,ERROR_ALL,,,
jme_jpl_open_array,engine_sensitive,modern_bhuj_standard,ERROR_JPL_UNAVAILABLE,ERROR,ERROR,334212,213523,197829,f4f930c737fc798d4ed9667429a9336aef630c73ef7a38a5f26b665c2ffa28c5,dbd7c65ce0bd38a6658768efedc52694883ab00772082477470ef556605c0570,00c3acfb61dd74f285b4c718f468cb1fdc78537a9dbf65a57b2dd0550be8b96b,ERROR_ALL,ERROR_ALL,ERROR_ALL,,,
jme_jpl_orientation_record_count,engine_sensitive,modern_bhuj_standard,,,,135793,125408,130754,d890f36b59d1c76e2ddaf20b60946e0331eec5ae64fe462019dcfde7fd87b216,2cd7dbcad31e2037e1a9e90b1446cea72b35a290083ac763e6ffb16172f75219,53dafcd92a19a154d713fb149a5843e6e28be0281d8ddad971aec008e51a8a0b,ERROR_ALL,ERROR_ALL,ERROR_ALL,,,
jme_jpl_orientation_record_index,engine_sensitive,modern_bhuj_standard,ERROR_JPL_UNAVAILABLE,ERROR,ERROR,262316,220922,260095,dda9182f16337b5925aca20201eced639047d9433b8b9241447c61c3ef463edf,48e90eb748c906ae5f7ece089348c56bd4cf7039fefe66edd3005b3f1bc7cb4a,084f04daf9c7810801b53928ac80ad5a61a3f167d0a8c46543b4337cc915e27e,ERROR_ALL,ERROR_ALL,ERROR_ALL,,,
jme_jpl_orientation_state_naif,engine_sensitive,modern_bhuj_standard,ERROR_JPL_UNAVAILABLE,ERROR,ERROR,211748,213669,355216,e955224ff2a14d2e1fa333449a30ce3d3f7173d5d949210bb810baff587e8f52,05ed06d5a780d98df4c775aa110437bf35155f156a03089c27ec7b7c06acd1e6,797630c53498bf8befee0ec83b4cf96ef32603b984fad2f3f0c90295bd184e0c,ERROR_ALL,ERROR_ALL,ERROR_ALL,,,
jme_jpl_orientation_state_order_naif,engine_sensitive,modern_bhuj_standard,ERROR_JPL_UNAVAILABLE,ERROR,ERROR,337701,224408,222789,ca1ea0c0caf2733269e0fd5394efd5734d8c7ba5d2db74341fb16f6e4a045a4f,1f15b268d350a60cb046c1a9b8ded0343d98f7daae6aadddbfdc8b299b00e645,8641e9507c96ed6ea54a8175bbbf7877757a53536119e6eae42bc12f29b34cd8,ERROR_ALL,ERROR_ALL,ERROR_ALL,,,
jme_jpl_orientation_state_split_naif,engine_sensitive,modern_bhuj_standard,ERROR_JPL_UNAVAILABLE,ERROR,ERROR,213112,210139,309451,83f0f0c9ee6d87046e343217c9cb9811b8e92797186816570313fd96e9c8f8e4,5d8aec3f06f91d9ece0310fe9e0eab9b0d6b720e5c3720d4384e0c95d1e75447,d2f5e4ef15a05a96b20cb23bb9ef10818575edb246ce4476ac68dca4913634e6,ERROR_ALL,ERROR_ALL,ERROR_ALL,,,
jme_jpl_orientation_state_utc_naif,engine_sensitive,modern_bhuj_standard,ERROR_JPL_UNAVAILABLE,ERROR,ERROR,392404,246054,246442,afd1b04b7e750490af663a6aaa7fc4b9386e4521874effb30b00717ec86f9e87,c5c03e5bd376cbd9e49cc6e45a3e5afaf04a1e08dfc2b76c48bdccfb2bc0fada,7a31ef31b2f4f472c895c79ccf541a9d8144cacd9282b5ef88a61096f3d85392,ERROR_ALL,ERROR_ALL,ERROR_ALL,,,
jme_jpl_position_record_count,engine_sensitive,modern_bhuj_standard,,,,167233,128098,137430,1c6bdfeb8fbcf37e8831c8a39931a141432481ce6e0f61e0ef924a72735babdd,1683e3cfd8ac71f383974de7da7cbc4db6d3f84b4be6d0de2a55f58ef00fab85,6a161199263e4d8d41a6f6bf9ff0f052eddce62bd717fed0096198c5e429644e,ERROR_ALL,ERROR_ALL,ERROR_ALL,,,
jme_jpl_position_record_index,engine_sensitive,modern_bhuj_standard,ERROR_JPL_UNAVAILABLE,ERROR,ERROR,245617,208085,204531,3bd190b3c60b858f8d161e8d6ca090d9ee8ef5219f6b0647cc57561260c88405,43cf7594176899a17f6abe9a5859aa144edd0771a44bb5c506325bcf4bbff9b0,8b51a260041a0ef3c466adb206b42ea7a823555118236a5605d7c80664ef4d6c,ERROR_ALL,ERROR_ALL,ERROR_ALL,,,
jme_jpl_prefetch,engine_sensitive,modern_bhuj_standard,ERROR_JPL_UNAVAILABLE,ERROR,ERROR,232192,410409,189716,15b4bb5d0266be0093957470c9d81c18c61584d18dfdcd999069def4b8c26367,0df5dedc7f98729da647525a930d988b2ad2541b6c3e7ee19f32e8f7e5f14191,69267a0d7962e7883b9a37897e9b054c31d86735f07c0500b8b7db4a86b88ddd,ERROR_ALL,ERROR_ALL,ERROR_ALL,,,
jme_jpl_rotational_angular_momentum_state_naif,engine_sensitive,modern_bhuj_standard,ERROR_JPL_UNAVAILABLE,ERROR,ERROR,225547,235934,222844,548a5061e1df8710328c6746563e59f2c36c0e463e00a97fa92a4ee72ec88e48,5c478c5f760d3e5f2b1f41344f4709a37ccaf82fe2c87f27dcad7f783ed4b6ae,bf63180b3ff814879a49d1c63a87f90eb0251c9bb10619fe31a6f121e84cff17,ERROR_ALL,ERROR_ALL,ERROR_ALL,,,
jme_jpl_rotational_angular_momentum_state_order_naif,engine_sensitive,modern_bhuj_standard,ERROR_JPL_UNAVAILABLE,ERROR,ERROR,216926,219086,226187,8a3643b790ba0dc67f7be67c722df368da3a2834ace32fbbfadbb561b55de3c7,ae45cffddd3ac1bf1a0b4c7f3aa393eff9f13bf3878d1c7e46b1ea0693f3f7d0,dda45409ab57d7172a703d882b3dadcdd1341e104cc585be3e49f61e0ea48749,ERROR_ALL,ERROR_ALL,ERROR_ALL,,,
jme_jpl_rotational_angular_momentum_state_split_naif,engine_sensitive,modern_bhuj_standard,ERROR_JPL_UNAVAILABLE,ERROR,ERROR,221326,211916,390391,9cc868f1d830732911aef1f07f71223215eea26848733e6377bde3bb129ab932,944407aceb99ecda681ab013de949c0b070517dbff2d4987f6fb7cd4c173eb8d,04be4548cae8b20c0ae4adb62c32729767f05bba20b09de433966023df59f3d1,ERROR_ALL,ERROR_ALL,ERROR_ALL,,,
jme_jpl_rotational_angular_momentum_state_utc_naif,engine_sensitive,modern_bhuj_standard,ERROR_JPL_UNAVAILABLE,ERROR,ERROR,255986,262669,348682,7c0172a8a551cbe2b13700e889cad1e85f0d598a6a5f0c3b985fb017bc7715c5,b367f6549592e65be36c4058636b46e80794b8b12bd8913324e5a90bd7b1b264,f582548a92713b256001ffc5a40c124d8268f7edea67009512d88c217847de21,ERROR_ALL,ERROR_ALL,ERROR_ALL,,,
jme_jpl_timescale,engine_invariant,modern_bhuj_standard,OK,OK,OK,60056,67127,148679,3ba5f0d42d7d0b746d84eaf18c0dcff249b95cbad9bfee7cd4c738ade9255fe4,b509daa289928543e7d07c85a11a117f2f9f2d3f548bb3a9d8e8d99c952b33bf,58f7047272f4357d2b1158b0a3cb8fd6e5a67c2f565a6b4b80e8f8b53c0a0bf3,DIFFERENT_STRUCTURE,DIFFERENT_STRUCTURE,DIFFERENT_STRUCTURE,,,
jme_julian_day,engine_invariant,modern_bhuj_standard,OK,OK,OK,242183,209476,214904,633eed6a32fad151b21db86d64a8cc88308a3bdc47e00743765fdb336dca3054,ffebe77480952f6dcfd833a295fde859b15e799cfbc719aba8eab96f0d5915c8,a13f4cb34d54e06ec0e1847b88c64a7fa8fc77242dd2b57af49850df50a9c1dc,DIFFERENT_STRUCTURE,DIFFERENT_STRUCTURE,DIFFERENT_STRUCTURE,,,
jme_lat_to_lmt,engine_invariant,modern_bhuj_standard,ERROR,OK,OK,315962,584105,12967905,e8af1eb8a28b90c9716c964faccfe2e6876fe6f1adf30a2cc79a83ce5f383d07,bc406d6b0cb87a8945667f703699217f33cc325ba6da8c69d60f40390b4041eb,6554648168545be1bec70563067f0b68f7312b685b9dbc073e33aeb7f9215e61,ERROR_ONE_SIDE,ERROR_ONE_SIDE,DIFFERENT_STRUCTURE,,,
jme_library_path,engine_invariant,modern_bhuj_standard,OK,OK,OK,382785,290113,408133,dd18e74606e4522e3cc3802ca45410c2c6f29cb1657de6dec1fb781cae611762,001f4809961a43cad477e452b8eb9c58c3305ff411772c5d879c65201f8d15f3,810d0ab75a2551ba382eb298750ebd135e1af8932de7099cca5ff0c4b56d0c2c,DIFFERENT_STRUCTURE,DIFFERENT_STRUCTURE,DIFFERENT_STRUCTURE,,,
jme_lmt_to_lat,engine_invariant,modern_bhuj_standard,ERROR,OK,OK,282664,555673,3883957,3f28b741573f64bcafe0d594a6bafccecc333bbbadbecddc9a99c7907d7b753e,a43566f44384a389487c1c4b24afa8a0a7edcbab71cabbc5eeee2e653792abdd,67786b48125aaa61140c72cad12db6c1eac910992a451a911f92ec556eced5e2,ERROR_ONE_SIDE,ERROR_ONE_SIDE,DIFFERENT_STRUCTURE,,,
jme_lun_eclipse_how,engine_sensitive,modern_bhuj_standard,ERROR_JPL_UNAVAILABLE,ERROR,ERROR,918504,14848004,17812514,91daccc70e60c07d0de899f53af18a0f5500f95d4de1df5b37ce5fa525b801eb,bde8e74aa6a83f5a117bc6377176c5f4ffe19457ef0f6c9e94674275495ebb6a,0413abddc13d48b43eb1537c1e3ffcaf090e5d3eff6f9ea83b15aef70a5fda0f,ERROR_ALL,ERROR_ALL,ERROR_ALL,,,
jme_lun_eclipse_when,engine_sensitive,modern_bhuj_standard,ERROR_JPL_UNAVAILABLE,ERROR,ERROR,344119,494211793,439257704,9eb6f0b7766729561de6734f87f73f7768440a09d2dab9bc97b235bb0660a16b,967c71271387b2c9b85ab4f9347d14b59e49ed09924f0b66f1c0356aa7a3e140,a9a048bc94ef86f16f18dc87b8def04ba0dc37424594e7a3e15c553cbe80c028,ERROR_ALL,ERROR_ALL,ERROR_ALL,,,
jme_lun_eclipse_when_loc,engine_sensitive,modern_bhuj_standard,ERROR_JPL_UNAVAILABLE,ERROR,ERROR,89608,289016605,355202962,b9723bbb6ef12bde26c95dbc6a69b98a550cd68b77f43dc7861eff2d0aec0ca3,fb55e1b7dd5f4394e25b2f7501da809029a154e444dabb1310353372a8428abd,d37d81f87e997b4995d3c74e69f1038c3807c6350caa3c294791d6bdb1351930,ERROR_ALL,ERROR_ALL,ERROR_ALL,,,
jme_lun_occult_when_glob,engine_sensitive,modern_bhuj_standard,ERROR_JPL_UNAVAILABLE,ERROR,ERROR,105886,543082829,814867584,ffbd03ba7e1cfb10e636d8548ea8435af34c63351b86847f01d991f2fe884d28,260b87555c1871474a4cb8fd04e8e0243f027add256fda229fdcdbd7384abf2c,72bf68ade27d127762952911b16c54889a761a16ff0e56c6043566881dba34b5,ERROR_ALL,ERROR_ALL,ERROR_ALL,,,
jme_lun_occult_when_loc,engine_sensitive,modern_bhuj_standard,ERROR_JPL_UNAVAILABLE,ERROR,ERROR,90493,848468189,936471481,e667cd7e4940a49b0be1c26e7fb72f846a5c169fa0ab19111231ca97f0ec2dd0,e27ce6fe90c2518090584a7f48ab02c887e8ce351302cff2a1655914e60b8315,2e2e11d3164e19d0c14baa0ae8387e77d21e57e629253ed3b3de85fd9383e680,ERROR_ALL,ERROR_ALL,ERROR_ALL,,,
jme_lun_occult_where,engine_sensitive,modern_bhuj_standard,ERROR_JPL_UNAVAILABLE,ERROR,ERROR,113004,3871536,4878146,033526f7785750f85bd8a12d113188dfdee093cf3b43c3eb40cb4361dfc0d6a6,a3abdd8cc78548d210ddb340ae7d25ceb89d162751fe3aa951bec4f9cae83c1b,2fe3f96c28e8547e5672d62d7dba58081814bcc5d4b2efb1cb078e745bdedcb6,ERROR_ALL,ERROR_ALL,ERROR_ALL,,,
jme_matrix_identity,engine_invariant,modern_bhuj_standard,OK,OK,OK,34041,33137,51435,82d17ad1cb265f43b4ef53229b4793aeea64b8cb7c48f78ceb89013298103ff9,f369628993e8136b1bd47baba9e6ac6bcba6d1217d8f211d42ec832d1ab60269,4c93aef3264f56a0f8a60bb1383c98510312630bf9d9455e621ce2ac8d3856bf,DIFFERENT_STRUCTURE,DIFFERENT_STRUCTURE,DIFFERENT_STRUCTURE,,,
jme_matrix_multiply,engine_invariant,modern_bhuj_standard,OK,OK,OK,42311,44425,62727,09bc51765ade101535ca79d2525c6f9c512ce56bee98aa79930f31a62df90a59,979f3915742f3f191f46e55bcebe462ed4d678a31a3e53ca46a5026155bd350c,a0c04a79dcd28ebcbbad422181ffb0cd7a164521bb323343fc5497c20d098ead,DIFFERENT_STRUCTURE,DIFFERENT_STRUCTURE,DIFFERENT_STRUCTURE,,,
jme_matrix_rotate_x,engine_invariant,modern_bhuj_standard,OK,OK,OK,38153,37307,52503,b61de88b01b70ce13cc29ca0713f06711928facb8bf59bb0afc700e500d215aa,d72e92e8649e7ec1bd0659b418a9e1a8805feea1ce88cb845885e24805b0e471,cefe8c99ebc03bd5db3d0387ba0bca8300e9996d30224fc9a2ca9b740a0f7442,DIFFERENT_STRUCTURE,DIFFERENT_STRUCTURE,DIFFERENT_STRUCTURE,,,
jme_matrix_rotate_y,engine_invariant,modern_bhuj_standard,OK,OK,OK,36977,39351,84069,0b8ad2eeb57a589a862ff1342d038761da81d9ac10643dfb9d82758934bdc584,863095c4da6e1945dd7ff355d6ea8e99f7a0ea25fb436cfedb97a8e9b3c1bd31,46accc5198ae24d9fd7a3eb68e585765e3f9fa239c2aefc22e5a39a11289f637,DIFFERENT_STRUCTURE,DIFFERENT_STRUCTURE,DIFFERENT_STRUCTURE,,,
jme_matrix_rotate_z,engine_invariant,modern_bhuj_standard,OK,OK,OK,41849,42696,38230,8e77419bc4fc9deeb8f48c5e8e67958cc13cd5e07d49b25b1f528680b6e90e26,e87e51d4a0e4a5bc291b03c9953d7b176fd18ff83fae3b1621d051c205dfdb26,c1e35152b409702499993213d37bc8e6629c11b903b6d9bade7f5f71548d0120,DIFFERENT_STRUCTURE,DIFFERENT_STRUCTURE,DIFFERENT_STRUCTURE,,,
jme_matrix_transform_state,engine_invariant,modern_bhuj_standard,OK,OK,OK,39765,35440,36072,0143f6a17b5d0d5e6ac305dc98315f2bd27da8a0cb50e643d47db8cdc24ced34,03dd9778b9fb4a52e15138e885378744182ad2acf9f198d82d46f33484a604a6,59a2d024cbaecf10010f054a9017a7a4aebbf32c2e11eddc04b96b137a352951,DIFFERENT_STRUCTURE,DIFFERENT_STRUCTURE,DIFFERENT_STRUCTURE,,,
jme_meeus_moon_state,engine_sensitive,modern_bhuj_standard,OK,OK,OK,45929,43964,40861,ed47ee414afa1a18c26be69851e639104886b9f2e8fdc4859c17414b862ca057,cadd4f7b7812992a2e0f42f63594ae86087869f3f170b5a1ae3e2ae60bef40f7,71714c5d6abf14445476a95e82d85895813b1f2203de689a1cf66ea3ad2a405e,DIFFERENT_STRUCTURE,DIFFERENT_STRUCTURE,DIFFERENT_STRUCTURE,,,
jme_meeus_planet_state,engine_sensitive,modern_bhuj_standard,OK,OK,OK,114868,49388,53198,e0d239487bc5e1cbbb2608d0b724a374e98fe3df2411242511b03a9f68846d8d,7bee1b2b573643bbee6e7f2bd596b14bf6cbb6373b3212c195f0da87c9002a6b,044a31d4ecc73d8422942695a195c53c263a5be2ac1a816804e51780a834d776,DIFFERENT_STRUCTURE,DIFFERENT_STRUCTURE,DIFFERENT_STRUCTURE,,,
jme_meeus_sun_state,engine_sensitive,modern_bhuj_standard,OK,OK,OK,61803,41459,49618,6fb20bc2bea8679308623d2932c29e9f3243171b0ac859d7eecfec27d700fbfe,680b39a24cec67ca77128cd7dd32393d614d58e325560207e1658be5be7246cc,5026403ab26747bf078886c72ba359644bf43d7547affb0fcef3ba6b5d135ffb,DIFFERENT_STRUCTURE,DIFFERENT_STRUCTURE,DIFFERENT_STRUCTURE,,,
jme_mooncross,engine_sensitive,modern_bhuj_standard,ERROR_JPL_UNAVAILABLE,OK,OK,89239,1337429695,1540475618,c35745a8937e62af03367c3229bb546f3593eede016bf6800fcb1c0bb9ac221a,04223a99e46f89be1562728bb92a5a605e0bf2158487b35d6f54f2c912001da2,deec61e6f9e5b9b8bfd134762495200c89f6686ae8cfd37491ee11f267a84a00,ERROR_ONE_SIDE,ERROR_ONE_SIDE,DIFFERENT_STRUCTURE,,,
jme_mooncross_node,engine_sensitive,modern_bhuj_standard,ERROR_JPL_UNAVAILABLE,OK,OK,84113,574516836,438728267,b7fb362ddc6a75dd8dd6c715f13f62cea30009497b74f016f437dfcbe59270dd,305cdf063f40102e0e3bb1c579fc5b64213920517e23574422b848e1270649a5,cdd114c8cbc0e7946bbc656d9fd3d036ba78b10c05850f9f41e1202092165352,ERROR_ONE_SIDE,ERROR_ONE_SIDE,DIFFERENT_STRUCTURE,,,
jme_mooncross_node_ut,engine_sensitive,modern_bhuj_standard,ERROR_JPL_UNAVAILABLE,OK,OK,132464,716763992,413988440,89cc90092269aab6bceb14fff84e7f901987581a7feda4bd9225b2d8e9f51ebd,f1fdb5b24d87acc2d0c1e7a1836e3a81f047bc1b1eeeaff240c74bea6603375d,182a65211fe1bc57d8d2358725eff2e6084f6312982c4e9f74f442f7b63a6ea2,ERROR_ONE_SIDE,ERROR_ONE_SIDE,DIFFERENT_STRUCTURE,,,
jme_mooncross_ut,engine_sensitive,modern_bhuj_standard,ERROR_JPL_UNAVAILABLE,OK,OK,87591,1278835734,1616100345,70fb1f7c8d5a592519e93defccf0c715cc47a89b3cab63191e2bb28cbf77a8a0,478117c99246128f7d9021a9740692bcfe930f3bbf762fe2bd9103780ca2f22a,c1bfacf1164dfcadda6694b8c1da5f30009c65123f14a9749641ca2243ebe2be,ERROR_ONE_SIDE,ERROR_ONE_SIDE,DIFFERENT_STRUCTURE,,,
jme_moshier_planet_state,engine_sensitive,modern_bhuj_standard,OK,OK,OK,67887,63777,63168,1e1646106307781ef458137b1df9890d41e24af9b4adb26eabd4e0a3af5d74af,c978d08b136df111f26a964969c7a70320e44fefb2775f3af4ef08442c0e9956,782733178fb6d61bac4f13dc0204389c8026f3eed83510a5a3db6f69bbbf21b5,DIFFERENT_STRUCTURE,DIFFERENT_STRUCTURE,DIFFERENT_STRUCTURE,,,
jme_nod_aps,engine_sensitive,modern_bhuj_standard,ERROR_JPL_UNAVAILABLE,OK,OK,97104,153533,642460,845f1686d3aa1fae8aae63437b875036ee104e5bf0ac4bbba767f888fae900e3,1902fa54ad4fa61a91bbe85e2447ba9c74c54c4cca1ed94c1aae693a3f613a62,cf1227a3ea065f09ff7167b3477a903fbdb5435dc155aa2c42608d27ef943513,ERROR_ONE_SIDE,ERROR_ONE_SIDE,DIFFERENT_STRUCTURE,,,
jme_nod_aps_ut,engine_sensitive,modern_bhuj_standard,ERROR_JPL_UNAVAILABLE,OK,OK,94023,149199,680845,981f7a3bc6c31c9675cad883a2c9c0a984275674150fc42334049d9de941aabd,09cfe46b88a92b4373e6f939f68abb3a5330ba121f76816410bcbb898e5f31a3,8fc960f5b0473d53e98a11f8cc17a2ef3d546fa6932c44e4ef252683b21cd6d1,ERROR_ONE_SIDE,ERROR_ONE_SIDE,DIFFERENT_STRUCTURE,,,
jme_orbit_max_min_true_distance,engine_sensitive,modern_bhuj_standard,ERROR_JPL_UNAVAILABLE,OK,OK,79856,157722,685972,ad61181c04aae1afce2fd9ef3f227407505eb508d081bb6708e567b6ca452b71,4b0165fe1a26f87d742d7d9e43e8b8fca74639376ebe01f7bfa67717235f956f,83da7c0361157a380536a895f1cd41e20b60793df1c8ed83a242a86ed666dc87,ERROR_ONE_SIDE,ERROR_ONE_SIDE,DIFFERENT_STRUCTURE,,,
jme_pheno,engine_sensitive,modern_bhuj_standard,ERROR_JPL_UNAVAILABLE,OK,OK,101178,228157,2812462,83da174a315c8c5a7db86b62b37244e5ed73114e4ce70217b381e52797f5c12c,4c6f51fdb1bdc6b7b4a1d7eecc3b788bc45e1608bfc74096f02f9031c9747bb5,a1168e90d021e809749f1fe5d06177c8c5b0e936fd53f42b07073c5b3784a4c8,ERROR_ONE_SIDE,ERROR_ONE_SIDE,DIFFERENT_STRUCTURE,,,
jme_pheno_ut,engine_sensitive,modern_bhuj_standard,ERROR_JPL_UNAVAILABLE,OK,OK,110044,249378,3232736,cebd7df54dac51e3b3255a8fefb5a7f89830cd45d46d88a2680d4848af8586fe,31970b876029b9025ec63ebe0739cd87eb949e1d5738725a3077f0f73465d0d2,9e7f3db1ed59b59d95df691301c3b909fdea5e431b0cc609a91903de5298ea70,ERROR_ONE_SIDE,ERROR_ONE_SIDE,DIFFERENT_STRUCTURE,,,
jme_radian_midpoint,engine_invariant,modern_bhuj_standard,OK,OK,OK,75422,110475,81535,5923bfaa41657334cce8889d89edae853888a329e3fe49a016527a4221a5ca9d,0de8790d0333577bceddb045a348369b297fb190c5196c473ef53a8d6cbb7dc9,439b06ebacb490126ca0030cb13a5a33b8e37cff015cb31f6932ca483f6baabd,DIFFERENT_STRUCTURE,DIFFERENT_STRUCTURE,DIFFERENT_STRUCTURE,,,
jme_radian_normalize,engine_invariant,modern_bhuj_standard,OK,OK,OK,75363,78897,227866,d6645aca3c07b81aeb9e99beccc04a086f19ae2c9593c54a29180b061e781a63,d46598816845afe3cb387b483610ff7eea52ed99d50b6a1bf5a6267d9f3d41a8,2b0394c53e54bc6e4f3138b599fff95fbf3e71640ccfc3b1cf1eb3f5ca7dcb84,DIFFERENT_STRUCTURE,DIFFERENT_STRUCTURE,DIFFERENT_STRUCTURE,,,
jme_radians_difference_signed,engine_invariant,modern_bhuj_standard,OK,OK,OK,192313,102541,114437,631d4a79bb3e57b3bdb3624e65757df70ef901cf97dfafee9c9e0e4c7f87c93a,9953941ef12b23d1e415f84441cd2b5a82ba2a5cad1386063c6662225f47a32e,2ce2ddd48d135a9cd734e4568ff52c6e550334910611526371784111f82b32e7,DIFFERENT_STRUCTURE,DIFFERENT_STRUCTURE,DIFFERENT_STRUCTURE,,,
jme_radians_to_degrees,engine_invariant,modern_bhuj_standard,OK,OK,OK,107200,130930,119371,34ec07363a4023bf933d8c53592aa52a190f03951e3271419b48d1bb5ec34e2f,f7e7dbfd5cdcf3949ae21628053af75645f229dbe8a5575eaf3cb92e6ebb73f2,fb8c601fc2f63fbdf68122676b2d3bdfdbf2467d1902486f002aae4c9529a7f2,DIFFERENT_STRUCTURE,DIFFERENT_STRUCTURE,DIFFERENT_STRUCTURE,,,
jme_rectangular_to_spherical_state,engine_invariant,modern_bhuj_standard,OK,OK,OK,156673,112699,135980,b371dc52e533a391fae1f3a1daa37d46050d7701dfe47ef5d8783688839e9857,1cf737b116d62d64979461aaaa478e7a8ac7dfa82e3baa254d3e283866303bfd,1a997a89e732103bf9d432c22b237083047e90babf4cc9619468e3db868b495b,DIFFERENT_STRUCTURE,DIFFERENT_STRUCTURE,DIFFERENT_STRUCTURE,,,
jme_refract,engine_invariant,modern_bhuj_standard,OK,OK,OK,283057,242585,237064,27647387cde804e41c0774d616c9432477a5109c6da28b74605b19639c066ca2,375c8553da08fae66c43966a18849c6a7f5ded98ddbbb195fe850f6aaf9735e0,8f070ba7d0de390fbf36d6040c1bdff5b83624e1a052708d76d56ff7893ae9cb,DIFFERENT_STRUCTURE,DIFFERENT_STRUCTURE,DIFFERENT_STRUCTURE,,,
jme_refract_extended,engine_invariant,modern_bhuj_standard,OK,OK,OK,161131,148407,193259,522dac76d123288d4cc76f776188bf353b4205295335b229aec5a18dd8d0086d,2614997f539a91848b6cc930ffa822bd1d5b096a7fef1ac45d332897b2d28d79,a66115d3a21dd0aa6ad099e7d2c9afd3eeb66a3ceefb72d26876bb76bb620fb6,DIFFERENT_STRUCTURE,DIFFERENT_STRUCTURE,DIFFERENT_STRUCTURE,,,
jme_reverse_julian_day,engine_invariant,modern_bhuj_standard,OK,OK,OK,102888,127318,102665,816aa128d4edb30fb69ce9397d60ac0377395e98eaa9b0ea19a44df58387fe41,011501d17143e31628ad1975b07362b0d4d62675c2a1ada0b9f33f2e89977dfe,efd5fe32ae7bcb0c2b8d400b392656a56fa3fbae79e78c1b151505c78ebbc6c6,DIFFERENT_STRUCTURE,DIFFERENT_STRUCTURE,DIFFERENT_STRUCTURE,,,
jme_rise_trans,engine_sensitive,tromso_high_latitude,ERROR_JPL_UNAVAILABLE,ERROR,ERROR,1058889,3292536,108203665,ba892f4a602729263bfb83e0b2705672e9c20ebffc09ec99297b6f9a2748344f,87237423ce58162e8dae7a720ffad63429f956a5a418108427b56d13a482f053,8d3fc117a16fa071cebc02d1d1761fb34a716bbca11cc6194d6d111f241bb4c5,ERROR_ALL,ERROR_ALL,ERROR_ALL,,,
jme_rise_trans_true_hor,engine_sensitive,tromso_high_latitude,ERROR_JPL_UNAVAILABLE,ERROR,ERROR,975078,4117168,80433860,85f5e9d4635dd84313fae2c8c4690ee268ea99203ce9f85feb16af7b50aff93e,2be6295e03fb360d280ea844ef5312da204204eb7ffeb8bf110ef9c40a7d8f4b,f8bb94764c86071fe33c368d93baea592201f9e77f387e3f492b8867774274eb,ERROR_ALL,ERROR_ALL,ERROR_ALL,,,
jme_set_astro_models,engine_invariant,modern_bhuj_standard,OK,OK,OK,197119,176344,171327,eb7a68102a86c23fd6b93938e17c19e1ba923f3707baaca2f748f82e258ccad7,2a54a264e4e453fe244d2ed3d40d4e118292536f1a5b3f64ecece0cc5021bc18,725d92405309552084b6ef470beae4857fc8438e4cc3da41070412a7301cdf29,DIFFERENT_STRUCTURE,DIFFERENT_STRUCTURE,DIFFERENT_STRUCTURE,,,
jme_set_delta_t_userdef,engine_invariant,modern_bhuj_standard,OK,OK,OK,130394,91600,108437,7938f1b4415a09ba36bcbe150d687c14d6f8072e2cd13b9d0da86643f432600e,d50362e67d834a18d4f1004bd33adddcac78efba8ef642943e27361dfab8fa20,5d83e6aaca5bf5a2c379480ed680e91972741ed8d1dbf76325bdc73a12b3e28b,DIFFERENT_STRUCTURE,DIFFERENT_STRUCTURE,DIFFERENT_STRUCTURE,,,
jme_set_ephemeris_path,engine_invariant,modern_bhuj_standard,OK,OK,OK,355940,229221,353838,478a2ae90da26525b6a695069380d31f7fdb362570e9ed201e2bb60dd6543880,64e0a3dd28d534856f65be66e08036022b0f1cc2ca8d925109e9c2cab751c191,57d8e845f0e3df11ba9062d6c14a77e33c246683bb7dd153b355a2dcd51cc1cf,DIFFERENT_STRUCTURE,DIFFERENT_STRUCTURE,DIFFERENT_STRUCTURE,,,
jme_set_interpolate_nut,engine_invariant,modern_bhuj_standard,OK,OK,OK,58216,55529,57990,e89c7f6008eb7f501db78819af20a96815b6a00a2f814d5187b72abe59fac8b8,7915937b341faaff142d645a5d0d8d2b5d1fd7c100be705c6d5dcd1edb45aebb,abaf95f87b4dd3800839347527971d8cf4208a52f3ca73688629fcd84be36b43,DIFFERENT_STRUCTURE,DIFFERENT_STRUCTURE,DIFFERENT_STRUCTURE,,,
jme_set_jpl_file,engine_invariant,modern_bhuj_standard,OK,OK,OK,205215,194493,197235,b136d3af2fd4b352dadc3ae625a874c73263cd927bc9c44e681645ca9c770e89,9af344ed30b5bb62b02aff90ce44d20e2445d2761dd6bf73a2d3868db25ab835,b7f3471d5e491c465bb74ffd84c2eb20c3e7431def554a6482fb400639a04916,DIFFERENT_STRUCTURE,DIFFERENT_STRUCTURE,DIFFERENT_STRUCTURE,,,
jme_set_lapse_rate,engine_invariant,modern_bhuj_standard,OK,OK,OK,83014,113896,79168,44197d55c2a37c9d7d83acd946860ec2583239a4f74d8f3e7b56cffbc852c0d2,6469b1cb5d90b0a0000adb2f2719b09167155b9833a832e2e448b7644b91d22d,c89b55d1ae6548b2872db1c1d0bb1ff1dcc36735fbf21f1fffc686a54de850ef,DIFFERENT_STRUCTURE,DIFFERENT_STRUCTURE,DIFFERENT_STRUCTURE,,,
jme_set_sidereal_mode,engine_invariant,modern_bhuj_standard,OK,OK,OK,246829,213617,213548,5dd39bb5cde211c1762a63928b64cbb0e641de9630c7195a08939417286f1e51,7cd36d9fd8c976b8d5a69d5268d918462ebaebba66d627722043a63b063580ab,0ed06848a9e4202bb9ee1cd9b2ca9774b55b0e8f79d48828c05b221f554d2667,DIFFERENT_STRUCTURE,DIFFERENT_STRUCTURE,DIFFERENT_STRUCTURE,,,
jme_set_tid_acc,engine_invariant,modern_bhuj_standard,OK,OK,OK,79814,100486,88250,24df50ab3014997c7ed4d6f3de1bab4521cff1c0ce346b6a761d369082275860,a5f5bb9aa7f435e379a8bcd0ec3cbc9ffc9c0c8c23b2f2f924436841b9cd2f8b,5c9bf1d667560fea218909ae8298e658456844d71461bea360785f7574d3b359,DIFFERENT_STRUCTURE,DIFFERENT_STRUCTURE,DIFFERENT_STRUCTURE,,,
jme_set_topo,engine_invariant,modern_bhuj_standard,OK,OK,OK,578450,444691,564361,fb1f9627fad4f34ae5707c4ea224b96a918cfb5600d229b63660384b5b56cd8a,8ae049d53a6d425bddd8b233a8ec9b4b1d85eecdbfeb1d56a5cf2482e87279e9,96978cc8fa71eaf1f697a86ed3696884b6bbe0ec4166ce4c063b8935859d02b6,DIFFERENT_STRUCTURE,DIFFERENT_STRUCTURE,DIFFERENT_STRUCTURE,,,
jme_sidereal_time,engine_invariant,modern_bhuj_standard,OK,OK,OK,251209,234047,245520,3752cdfe868d0f6debfc21afd069f7dd49be8eecc48816437c7f5d5e0b67c7a7,39345b3a9a905ecc5e7e886a8512956377970d0b5489728233ceb52875f8fba6,520d68922e5689685c0d6412984d2fc882d2903371aca878ada2cf59fcf47ec6,DIFFERENT_STRUCTURE,DIFFERENT_STRUCTURE,DIFFERENT_STRUCTURE,,,
jme_sidereal_time0,engine_invariant,modern_bhuj_standard,OK,OK,OK,252372,241871,247368,4244d6021fa40a319823b786897389eeba283e4695a64b2acf6356ba8aa0ba9b,ba32a9970ed865d4c17a8d908bdba2ade4c2150318d51af6b3c273e4b59418e6,00cc133cc8850aea75e4aa979d76a8075d61407a4865977bbd9092f11f1448eb,DIFFERENT_STRUCTURE,DIFFERENT_STRUCTURE,DIFFERENT_STRUCTURE,,,
jme_sol_eclipse_how,engine_sensitive,modern_bhuj_standard,ERROR_JPL_UNAVAILABLE,ERROR,ERROR,475318,29434839,34084631,2fdfbf066722dcdd993831bda192efc27b08266322ad58c587aa95520eeafed6,70d33dae3fd46ed490577acc5386374786de787c3a1a3d1796f8afdb5a3d383a,63d711c791f542be98a6580e9452eed5868a924399114a0e9abdfacc764e6e31,ERROR_ALL,ERROR_ALL,ERROR_ALL,,,
jme_sol_eclipse_when_glob,engine_sensitive,modern_bhuj_standard,ERROR_JPL_UNAVAILABLE,ERROR,ERROR,412063,607939968,670034984,29d6fbcaba5fc64b3706599eb3c18c6a8abf49f3d3a4deb540b136f2767669f8,29954c90facfa4e14a2ef9a573ba048e9d07f017c58b2ed5325ac580c894a351,643c7946f4649d63c74c9a6d6b02bbbb48afa12e433f4245cbaa29c639e10ece,ERROR_ALL,ERROR_ALL,ERROR_ALL,,,
jme_sol_eclipse_when_loc,engine_sensitive,modern_bhuj_standard,ERROR_JPL_UNAVAILABLE,ERROR,ERROR,86618,668807957,382609431,81f9126ba271472ff96619f94d38b7797a8e70ac6cf5633bee427023b2a3436c,99c94f73bffb165f371a1ebb7d986957af10f43e6a0fd898fe063ca218a99881,5957ccf1abc7b019d630f3e16af5493e4bfed77ecf41cc09c286c1ba0eead2e7,ERROR_ALL,ERROR_ALL,ERROR_ALL,,,
jme_sol_eclipse_where,engine_sensitive,modern_bhuj_standard,ERROR_JPL_UNAVAILABLE,ERROR,ERROR,219577,24859037,50418144,4cfec6aef3a41c53233cf5db4627c292b529b5d76f62ce97d2ca3efe1146e301,1502570125fc630545e15b2bd4bb85b93eb2713fee5c2dbe41198174f3584df7,1483fc44095335426233590b78cbd6dceea17794d87c2558edbe83b4f8e4e044,ERROR_ALL,ERROR_ALL,ERROR_ALL,,,
jme_solcross,engine_sensitive,modern_bhuj_standard,ERROR_JPL_UNAVAILABLE,OK,OK,348698,131860818,1241266241,785683df703b7dab80a6705dc76730bef65a66d340bcda8ded921ce752389474,0d17ce140c62969472dd4b33ae344c88b54fab33ddc5c5304cb8d13c7ad30ae1,54c5ecf1f1056a383362f032af54a5eb7911b00cc7f26c4758dd31c503352cd4,ERROR_ONE_SIDE,ERROR_ONE_SIDE,DIFFERENT_STRUCTURE,,,
jme_solcross_ut,engine_sensitive,modern_bhuj_standard,ERROR_JPL_UNAVAILABLE,OK,OK,104216,35045561,1153324126,28c56c323a2d7796e8d7c7aac6143d98a8e1c5a9db821234931393e2d5effab6,1c887c63d645f7a2ee81594ddd39c9dd6507082c0066f7f8e499a04c75c8f184,d5cb4e1b927cbc2cf3f89507a393b1073722433dff5d4d81ba90898190133dc4,ERROR_ONE_SIDE,ERROR_ONE_SIDE,DIFFERENT_STRUCTURE,,,
jme_spherical_angular_separation,engine_invariant,modern_bhuj_standard,OK,OK,OK,73448,81609,35362,2eb04cfbc05e115923f415671a956c852503e12fcd706e84c2122776d9b564b1,bb5752372295dc3d37f4734ec48d32f377cfb3c98be95837f26a3a83f071f52a,a17ad14fdec8d90286e55935cb9d8ab8492609376e7d0895f984cadaeed60cf4,DIFFERENT_STRUCTURE,DIFFERENT_STRUCTURE,DIFFERENT_STRUCTURE,,,
jme_spherical_position_angle,engine_invariant,modern_bhuj_standard,OK,OK,OK,31935,35141,54970,618056a1ec0e5d5b43796d25c308f1e5068d91313e65822aa7ac4dd0235e3d69,f6aae03a901062a97aafcf8beafbc61dbe5bb8f14435b69941bd5dcf2f516114,2447e5c071033a76523449198a3ddedb7ff016bfb2e2197d5726eef5ccc32a3a,DIFFERENT_STRUCTURE,DIFFERENT_STRUCTURE,DIFFERENT_STRUCTURE,,,
jme_spherical_to_rectangular_state,engine_invariant,modern_bhuj_standard,OK,OK,OK,45236,66866,39606,5be400c03f54b92f0549f449cbc0b3e1b879c7b03cdbd4b367669b1443ccada8,f3918c2e1d0b0eaf89654ba34c46ec3bc30b533b4a2caa02440afcd2ee9c9e8a,a6a715c2551e6de661362106d370d8129cd8ca87817d7cbb8cf0f94596df831e,DIFFERENT_STRUCTURE,DIFFERENT_STRUCTURE,DIFFERENT_STRUCTURE,,,
jme_split_degree,engine_invariant,modern_bhuj_standard,OK,OK,OK,24622,23493,25763,2659a05ccd5800d620e7f115530e06affed3b27781ac50d5e09dc4ab58cadd14,f5708e8a07d20a8d3bebcee6fa578b1e1168b04eb09efbe7ff629b0e537b388f,3214e1b86c56f1abfa5739fe232f2c87df8523da3040559756ce16a5eaeb3b1b,DIFFERENT_STRUCTURE,DIFFERENT_STRUCTURE,DIFFERENT_STRUCTURE,,,
jme_state_add,engine_invariant,modern_bhuj_standard,OK,OK,OK,33710,34533,33369,cdf88c971db3c413490c51dacb2dc7c43e8745f6bc467eb5a357d3c5c6fb3f36,f5af7a20a3b53dac275ac5ea45050d7ddfda725bb5a601757bbb1a73fed81dd9,42630c95d3e793b34a608e925e4f78fdf9a420588d6e21473e3de060f9598405,DIFFERENT_STRUCTURE,DIFFERENT_STRUCTURE,DIFFERENT_STRUCTURE,,,
jme_state_convert_units,engine_invariant,modern_bhuj_standard,OK,OK,OK,64737,65416,55577,0572ac3db580d71a8f3a3db4cf90613748f3064cc04edff9aab0638e0365841a,31277a1d309e2e9be8c03ad19882454df667fead086e15e8580eeba7b0c73b73,299ee79f8854b5b33cf149a1631205585b83cb7aab285e075986224b4816a725,DIFFERENT_STRUCTURE,DIFFERENT_STRUCTURE,DIFFERENT_STRUCTURE,,,
jme_state_distance,engine_invariant,modern_bhuj_standard,OK,OK,OK,68768,69196,52315,e580827460734e5e006f55ecee4046b40efbabe92a65897aeb2949881d093bb2,1ebecf02f2c69e1b733d2f5381789c729d9c70f9a4ace94508c7a29f452a4fd7,82c11ad5b9ae11cd622a272ed2aad4a220be6aad3759db52f61e02968ee3b6d7,DIFFERENT_STRUCTURE,DIFFERENT_STRUCTURE,DIFFERENT_STRUCTURE,,,
jme_state_light_time_days,engine_invariant,modern_bhuj_standard,OK,OK,OK,103974,55891,52957,8dfe542c66c6de6bc08c45379ff7de1fbf5dbc1f78bcf2e1dab1df38475c1f9d,46c71937c700e76f013e7f2755e37a2a1bade513fb0b7c01b0002033fbdba91e,69da176c2adfdd130697cb14ae42a90f741a90bf5300d53faa75256576041c6c,DIFFERENT_STRUCTURE,DIFFERENT_STRUCTURE,DIFFERENT_STRUCTURE,,,
jme_state_position_velocity_dot,engine_invariant,modern_bhuj_standard,OK,OK,OK,61574,57444,67010,f4f5b1978d39ca7a95439b015977225191af90b28b3e430c0991f4ea68841a67,9e7caec808429fad3641b0e11788df9de44c55843754b07fcfd63e042c59042d,4f586e72c8fca832598d9cc8a120b42d068df6189f1b12d7525dd7d1f2eca0e3,DIFFERENT_STRUCTURE,DIFFERENT_STRUCTURE,DIFFERENT_STRUCTURE,,,
jme_state_scale,engine_invariant,modern_bhuj_standard,OK,OK,OK,53159,37053,38576,d84feb5cbfd20c2f88eb591a0eb5a5486f5fe3802282f3f48ab191e73ca6aaec,c75bda2550b2c11e5ed3b1f5ce17d96d5c7e1d2412e9aa17e66380e7f51e501d,762095937d9bb361f0d1759b544f161a2449d4c3511c5c8e9b86b5878cf3c85f,DIFFERENT_STRUCTURE,DIFFERENT_STRUCTURE,DIFFERENT_STRUCTURE,,,
jme_state_speed,engine_invariant,modern_bhuj_standard,OK,OK,OK,72414,60565,60080,2bb7ab78983446298c007335e562f2f15a04f30b820162953443260fb09d5d29,5c2ca6f1cd320d7f8219076067027d548f703dcaddef1f7fca7062b5f59aa36a,06fbe565821143167876bbc590e771b15404d6087eabbf5be6f174773ded71f0,DIFFERENT_STRUCTURE,DIFFERENT_STRUCTURE,DIFFERENT_STRUCTURE,,,
jme_state_subtract,engine_invariant,modern_bhuj_standard,OK,OK,OK,39421,45438,57463,ba3ef4a4110772bc148ebd81c494da4e8d22027ba79a846e4e0009e215bc4a43,463e11c7f19de9f0f15986be592d90de07f0aba5dac0a9f5d7268f6abc1eefbf,34cd76657ffec099650443b5b174a95550ffe4f95cb8886d95040d4102387201,DIFFERENT_STRUCTURE,DIFFERENT_STRUCTURE,DIFFERENT_STRUCTURE,,,
jme_time_equ,engine_sensitive,modern_bhuj_standard,ERROR,OK,OK,61841,135914,1417322,2099cc427150111db6f05daf982475fe2716acbd836179ff484ca65489dcffce,4bb400433851966def9ffaf97d421e810a91914c16e170721f9b299d591ef938,0722f03f3a081ead29b3aaf4f2c75d421e9494941a8d0e3e1d40ae8751388528,ERROR_ONE_SIDE,ERROR_ONE_SIDE,DIFFERENT_STRUCTURE,,,
jme_topo_arcus_visionis,engine_invariant,modern_bhuj_standard,OK,OK,OK,69520,283213,4147484,b068b241bb9ec813b337eeed2840a156f734102d65a9b1e6d2928468e4e46933,8416aa05478f3780b9621cca2c044bc7e336f04459cf8b78b5e5b31fe7327100,b2a3877f596fd112a782b15ecf3996a0db18191d3da449ca2a200c5fb0ed4b85,DIFFERENT_STRUCTURE,DIFFERENT_STRUCTURE,DIFFERENT_STRUCTURE,,,
jme_utc_time_zone,engine_invariant,modern_bhuj_standard,OK,OK,OK,73993,59317,58287,2bd1330c9c4c41f77e4e64b12f80a2cad57e6c7e3991cef1f9f8296a64b53d9f,2927d4f07f72a02479e5c107c931cbf22c022d8dba18bb45fb686dec46b9bc4a,788fe65a2325450e466003ab9ce3d964a982af5cef34d5abcfdfca61bc508ae9,DIFFERENT_STRUCTURE,DIFFERENT_STRUCTURE,DIFFERENT_STRUCTURE,,,
jme_utc_to_jd,engine_invariant,modern_bhuj_standard,OK,OK,OK,58207,78349,86239,431a84e1a1658d9dc31b5475e89c0dd4dd1d401290067b5bdfd132dc189ac991,0b21e7dff46b9de23605a4f8f78042162929e54911e64a34bddc5db5552ba7c2,4a918d321dfbda2002254ca3d352b46811ffb9544acd2b442dc545ac30545fcd,DIFFERENT_STRUCTURE,DIFFERENT_STRUCTURE,DIFFERENT_STRUCTURE,,,
jme_version,engine_invariant,modern_bhuj_standard,OK,OK,OK,196702,207878,251295,7f7cc14d5baf64034d319171416157dcba807f14c360cadb97bf0d53e29fa3b9,a4f67f28d74ed42e3efc2009e529f4d7551d316de4e6b791b53e0533806e1032,5e9b278e93774e7c96c9c173e83bb63386839a8c37d7ae2c496690694c97f0a9,DIFFERENT_STRUCTURE,DIFFERENT_STRUCTURE,DIFFERENT_STRUCTURE,,,
jme_vis_limit_mag,engine_sensitive,modern_bhuj_standard,ERROR_JPL_UNAVAILABLE,ERROR,ERROR,280924,301023,386386,19aca08288a8ac95b894a8ca5d9efc298af45b1b556f75bb27d5cce0f79d494f,9a50e7e08fe84f7bd2e18454fdced65c706a2bc60d4b5f8fd0677fc7d957ee1d,2e90dfc1cb11bc9777b9a7a41830611c27c522c6695c848c8eaa710b2f799980,ERROR_ALL,ERROR_ALL,ERROR_ALL,,,
jme_vsop87_planet_state,engine_sensitive,modern_bhuj_standard,OK,OK,OK,2219085,2238281,2231877,4cb091485f2e1f6434211d19857c013c712663efb87554651c32a702870fcc07,2f30e6143ec3fdd95d2aef5fd6a08777ba23acf3ff12f0b6e00fc5f46ed882e7,035ec91a2dc4596c4888f6c995ccf75fb1ceccd6b787354d41f8a16a13ef231b,DIFFERENT_STRUCTURE,DIFFERENT_STRUCTURE,DIFFERENT_STRUCTURE,,,
